/blue_weighted_vest_01.gif,WR1809
/blue_weighted_vest_01.gif,WR1810
/blue_weighted_vest_01.gif,WR1811
/blue_weighted_vest_01.gif,WR1812
/blue_weighted_vest_01.gif,WR1813
/blue_weighted_vest_01.gif,WR1814
/wr1835_red_weighted_compression_vest_active_01.jpg,WR1835
/wr1835_red_weighted_compression_vest_active_01.jpg,WR1836
/wr1835_red_weighted_compression_vest_active_01.jpg,WR1837
/wr1835_red_weighted_compression_vest_active_01.jpg,WR1838
/bean-bags-combo_01.jpg;/bean-bags-combo_02.jpg,TC1801
,TC1802
,WR1816
,WR1817
/wr1820_weighted_lap_pad_nocover.jpg;/wr1820_weighted_lap_pad_nocover_01.jpg,WR1820
/wr1820_weighted_lap_pad_nocover.jpg;/wr1820_weighted_lap_pad_nocover_01.jpg,WR1821
/wr1820_weighted_lap_pad_nocover.jpg;/wr1820_weighted_lap_pad_nocover_01.jpg,WR1822
,WR1840
,WR1841
,WR1842
/tc1005_wikki_stix2_01.jpg;/tc1005_wikki_stix2_02.jpg;/tc1005_wikki_stix2_03.jpg,TC1005
/tc1005_wikki_stix2_01.jpg;/tc1005_wikki_stix2_02.jpg;/tc1005_wikki_stix2_03.jpg,TC1006
,SC1359
,SC1360
,SC1362
,SC1363
,SC1364
,SC1365
/greengrottoHR_01.jpg,HW1424
/greengrottoHR_01.jpg,DZ4909
/greengrottoHR_01.jpg,MQ4910
/vs1531_round_pull_scooter_board_large2_white.jpg;/vs1531_round_pull_scooter_board_large2_white.jpg;/vs1531_round_pull_scooter_board_large2_white.jpg;/vs1531_round_pull_scooter_board_large2_white.jpg;/vs1531_round_pull_scooter_board_large2_white.jpg,VS1526
/vs1531_round_pull_scooter_board_large2_white.jpg;/vs1531_round_pull_scooter_board_large2_white.jpg;/vs1531_round_pull_scooter_board_large2_white.jpg;/vs1531_round_pull_scooter_board_large2_white.jpg;/vs1531_round_pull_scooter_board_large2_white.jpg,VS1531
/BA1529_handheld_rotator_board_Large_1_01.jpg;/BA1529_handheld_rotator_board_Large_1_02.jpg,BA1530
/BA1529_handheld_rotator_board_Large_1_01.jpg;/BA1529_handheld_rotator_board_Large_1_02.jpg,BA1529
/ba1538_tactile_path_1_01.jpg;/ba1538_tactile_path_1_02.jpg;/ba1538_tactile_path_1_03.jpg,BA1538
/ba1538_tactile_path_1_01.jpg;/ba1538_tactile_path_1_02.jpg;/ba1538_tactile_path_1_03.jpg,BA1539
/combined-2_01.jpg;/combined-2_02.jpg;/combined-2_03.jpg;/combined-2_04.jpg;/combined-2_05.jpg;/combined-2_06.jpg;/combined-2_07.jpg;/combined-2_08.jpg,MP1544
/combined-2_01.jpg;/combined-2_02.jpg;/combined-2_03.jpg;/combined-2_04.jpg;/combined-2_05.jpg;/combined-2_06.jpg;/combined-2_07.jpg;/combined-2_08.jpg,MW4591
,WR1555
,WR1556
,WR1557
,WR1558
,GM2200
,GM3819
/chairball_web_1_01.jpg,BL1648
/chairball_web_1_01.jpg,BL1649
,EQ1672
,EQ1673
,GO1625
,GO1626
,HW1632
,HW1633
,MQ1644
,TC1726
,MQ1645
,TC1727
,TC1650
,TC1651
,TC1652
,TC1653
,TC1654
,TC1655
,TC1737
,TC1738
,TC1739
,TC1740
,TC1741
,TC1742
,TC1662
,TC1663
,TC1664
,TC1665
,TC1666
,TC1667
,TC1656
,TC1657
,TC1658
,TC1659
,TC1660
,TC1661
/wr1675_theraband1_02.jpg,WR1675
,WR1676
,WR1677
,WR1678
,WR1679
/wr1675_theraband1_02.jpg,WR1756
,WR1757
,WR1758
,WR1759
,WR1760
/wr1675_theraband1.jpg;/wr1675_theraband1_02.jpg,WR1680
/wr1675_theraband1.jpg;/wr1675_theraband1_02.jpg,WR1681
/wr1675_theraband1.jpg;/wr1675_theraband1_02.jpg,WR1682
/wr1675_theraband1.jpg;/wr1675_theraband1_02.jpg,WR1683
/wr1675_theraband1.jpg;/wr1675_theraband1_02.jpg,WR1684
,MQ1731
,MQ1732
,EQ1743
,EQ1744
,EQ1745
,EQ1746
,EQ1741
,EQ1749
,EQ1750
,EQ1752
,FD1779
,FD1780
,FD1781
/BigBallsImage_001_01.jpg;/BigBallsImage_001_02.jpg,BL1867
/BigBallsImage_001_01.jpg;/BigBallsImage_001_02.jpg,BL1868
/BigBallsImage_001_01.jpg;/BigBallsImage_001_02.jpg,BL1869
/BigBallsImage_001_01.jpg;/BigBallsImage_001_02.jpg,BL1870
/BigBallsImage_001_01.jpg;/BigBallsImage_001_02.jpg,BL1871
/Hopper-Balls_1_01.jpg;/Hopper-Balls_1_02.jpg,BL1876
/Hopper-Balls_1_01.jpg;/Hopper-Balls_1_02.jpg,BL1877
/Hopper-Balls_1_01.jpg;/Hopper-Balls_1_02.jpg,BL1878
,BL1872
,BL1873
,BL1874
/BA2483-dynamic_wedge_cushion_active__01.jpg;/BA2483-dynamic_wedge_cushion_active__02.jpg;/BA2483-dynamic_wedge_cushion_active__03.jpg;/BA2483-dynamic_wedge_cushion_active__04.jpg;/BA2483-dynamic_wedge_cushion_active__05.jpg,BA1883
/BA2483-dynamic_wedge_cushion_active__01.jpg;/BA2483-dynamic_wedge_cushion_active__02.jpg;/BA2483-dynamic_wedge_cushion_active__03.jpg;/BA2483-dynamic_wedge_cushion_active__04.jpg;/BA2483-dynamic_wedge_cushion_active__05.jpg,BA2483
/pop_fish_active_01.jpg;/pop_fish_active_02.jpg;/pop_fish_active_03.jpg,TC4421
/pop_fish_active_01.jpg;/pop_fish_active_02.jpg;/pop_fish_active_03.jpg,TC4409
/pop_fish_active_01.jpg;/pop_fish_active_02.jpg;/pop_fish_active_03.jpg,MQ1861
/gm2170_balancing_bilibo_active_01.jpg;/gm2170_balancing_bilibo_active_02.jpg;/gm2170_balancing_bilibo_active_03.jpg,GM2169
/gm2170_balancing_bilibo_active_01.jpg;/gm2170_balancing_bilibo_active_02.jpg;/gm2170_balancing_bilibo_active_03.jpg,GM2170
/gm2170_balancing_bilibo_active_01.jpg;/gm2170_balancing_bilibo_active_02.jpg;/gm2170_balancing_bilibo_active_03.jpg,GM2171
,HW2022
,HW2159
,HW2161
,HW2162
,HW2163
,HW2164
/PGH1216_01.jpg,GM2204
/PGH1216_01.jpg,GM3820
/Large_ball_chair_active_01.gif;/Large_ball_chair_active_02.gif,EQ2172
/Large_ball_chair_active_01.gif;/Large_ball_chair_active_02.gif,CF4884
,GO2130
,GO2131
,GO2132
,GO2133
,GO2134
/eq2176_wavy_tactile_path_green_01.jpg;/eq2176_wavy_tactile_path_green_02.jpg,EQ2175
/eq2176_wavy_tactile_path_green_01.jpg;/eq2176_wavy_tactile_path_green_02.jpg,EQ2176
/MP2006-space-explorer_01.jpg,MP2006
/MP2006-space-explorer_01.jpg,MP2007
/MP2006-space-explorer_01.jpg,MP2008
/MP2006-space-explorer_01.jpg,MP2009
,VS1989
,VS1990
,EQ2236
,EQ2238
,EQ2248
,EQ2250
/foam_tummy_scooter_01.gif,MW5686
/foam_tummy_scooter_01.gif,MW5690
/fairy_princess_01.jpg;/fairy_princess_02.jpg,DR2216
/fairy_princess_01.jpg;/fairy_princess_02.jpg,DR2227
/fairy_princess_01.jpg;/fairy_princess_02.jpg,DR2228
,VG2280
,VG2282
,VS2472
,VS3790
,WR4522
/Blue_weighted_fleece_vest2_01.jpg;/Blue_weighted_fleece_vest2_02.jpg;/Blue_weighted_fleece_vest2_03.jpg,WR3004
/Blue_weighted_fleece_vest2_01.jpg;/Blue_weighted_fleece_vest2_02.jpg;/Blue_weighted_fleece_vest2_03.jpg,WR3005
/Blue_weighted_fleece_vest2_01.jpg;/Blue_weighted_fleece_vest2_02.jpg;/Blue_weighted_fleece_vest2_03.jpg,WR3006
,GB2094
,GB2095
,GB2072
,GB2073
,GB4349
,GB1096
,GB1097
,BT3000
,BT3002
,BT3004
,EX3300
,EX3302
,EX3304
,EX3306
,EX3308
,EX3310
,EX3312
,EX3314
,EX3316
,EX3318
/ba3728_bobles_elephant_purple_active_01.jpg;/ba3728_bobles_elephant_purple_active_02.jpg;/ba3728_bobles_elephant_purple_active_03.jpg,BA2536
,BA3728
,BA3801
,BA2534
,BA3722
,BA3723
/worm_01.jpg;/worm_02.jpg;/worm_03.jpg,BA2542
/worm_01.jpg;/worm_02.jpg;/worm_03.jpg,BA3792
/worm_01.jpg;/worm_02.jpg;/worm_03.jpg,BA3793
/worm_01.jpg;/worm_02.jpg;/worm_03.jpg,BA3794
/BA3725-bobles-fish-active_01.jpg;/BA3725-bobles-fish-active_02.jpg;/BA3725-bobles-fish-active_03.jpg,BA2538
/BA3725-bobles-fish-active_01.jpg;/BA3725-bobles-fish-active_02.jpg;/BA3725-bobles-fish-active_03.jpg,BA3725
/BA3725-bobles-fish-active_01.jpg;/BA3725-bobles-fish-active_02.jpg;/BA3725-bobles-fish-active_03.jpg,BA3726
,AT3408
,AT3410
,AT3412
/go1764_chewtubes_blue_01.jpg;/go1764_chewtubes_blue_02.jpg;/go1764_chewtubes_blue_03.jpg,GO1764
/go1764_chewtubes_blue_01.jpg;/go1764_chewtubes_blue_02.jpg;/go1764_chewtubes_blue_03.jpg,GO1765
/go1764_chewtubes_blue_01.jpg;/go1764_chewtubes_blue_02.jpg;/go1764_chewtubes_blue_03.jpg,GO1766
/go1764_chewtubes_blue_01.jpg;/go1764_chewtubes_blue_02.jpg;/go1764_chewtubes_blue_03.jpg,GO2598
,VT3002
,VT3004
/dinotee_active_01.jpg,WR3160
/dinotee_active_01.jpg,WR3161
/dinotee_active_01.jpg,WR3164
,WR3071
,WR3075
,LB3018
,LB3020
,WR3076
,WR3077
,WR3079
,WR3080
,AT3398
,AT3396
/sr2490_earmuffs_active_01.jpg;/sr2490_earmuffs_active_02.jpg,SR2490
/sr2490_earmuffs_active_01.jpg;/sr2490_earmuffs_active_02.jpg,SR2492
,LB3014
,LB3016
,SR2504
,SR2506
,WR3157
,WR3159
,WR3155
,PR3346
,PR3350
,PR3352
,PR3354
,PR3356
,SC2568
,SC2570
,SC2572
,SC2574
,AT3402
,AT3400
,AT3406
,AT3404
,AT3392
,AP3434
/ap3432_water_lilly_01.jpg;/ap3432_water_lilly_02.jpg,AP3432
/plainbluetee_01.jpg,WR3152
/plainbluetee_01.jpg,WR3151
/plain-white-tee_01.jpg,WR3066
/plain-white-tee_01.jpg,WR3067
/plain-white-tee_01.jpg,WR3069
/plain-white-tee_01.jpg,WR3070
,MN2522
,MN2524
/connect-a-scooter_01.jpg,SC2552
/connect-a-scooter_01.jpg,SC2554
/connect-a-scooter_01.jpg,SC2556
/connect-a-scooter_01.jpg,SC2558
/connect-a-scooter_01.jpg,SC2582
/connect-a-scooter_01.jpg,SC2584
/connect-a-scooter_01.jpg,SC2586
/connect-a-scooter_01.jpg,SC2588
/vs2498_howdahug_01.jpg;/vs2498_howdahug_02.jpg,VS2498
/vs2498_howdahug_01.jpg;/vs2498_howdahug_02.jpg,VS2500
/vs2498_howdahug_01.jpg;/vs2498_howdahug_02.jpg,VS2502
/EQ3521_rounded_me_sit_ups_01.jpg,EQ3521
/EQ3521_rounded_me_sit_ups_01.jpg,EQ3522
/EQ3521_rounded_me_sit_ups_01.jpg,EQ3523
/EQ3529_Momma_and_Baby_Inchworm_1_01.jpg,EQ3529
/EQ3529_Momma_and_Baby_Inchworm_1_01.jpg,EQ3530
/bl3854_peanutballs_cutout_01.jpg;/bl3854_peanutballs_cutout_02.jpg;/bl3854_peanutballs_cutout_03.jpg;/bl3854_peanutballs_cutout_04.jpg;/bl3854_peanutballs_cutout_05.jpg;/bl3854_peanutballs_cutout_06.jpg;/bl3854_peanutballs_cutout_07.jpg;/bl3854_peanutbal,BL1875
/bl3854_peanutballs_cutout_01.jpg;/bl3854_peanutballs_cutout_02.jpg;/bl3854_peanutballs_cutout_03.jpg;/bl3854_peanutballs_cutout_04.jpg;/bl3854_peanutballs_cutout_05.jpg;/bl3854_peanutballs_cutout_06.jpg;/bl3854_peanutballs_cutout_07.jpg;/bl3854_peanutbal,BL3854
/bl3854_peanutballs_cutout_01.jpg;/bl3854_peanutballs_cutout_02.jpg;/bl3854_peanutballs_cutout_03.jpg;/bl3854_peanutballs_cutout_04.jpg;/bl3854_peanutballs_cutout_05.jpg;/bl3854_peanutballs_cutout_06.jpg;/bl3854_peanutballs_cutout_07.jpg;/bl3854_peanutbal,BL3450
/bl3854_peanutballs_cutout_01.jpg;/bl3854_peanutballs_cutout_02.jpg;/bl3854_peanutballs_cutout_03.jpg;/bl3854_peanutballs_cutout_04.jpg;/bl3854_peanutballs_cutout_05.jpg;/bl3854_peanutballs_cutout_06.jpg;/bl3854_peanutballs_cutout_07.jpg;/bl3854_peanutbal,BL3436
/bl3854_peanutballs_cutout_01.jpg;/bl3854_peanutballs_cutout_02.jpg;/bl3854_peanutballs_cutout_03.jpg;/bl3854_peanutballs_cutout_04.jpg;/bl3854_peanutballs_cutout_05.jpg;/bl3854_peanutballs_cutout_06.jpg;/bl3854_peanutballs_cutout_07.jpg;/bl3854_peanutbal,BL3437
/bl3854_peanutballs_cutout_01.jpg;/bl3854_peanutballs_cutout_02.jpg;/bl3854_peanutballs_cutout_03.jpg;/bl3854_peanutballs_cutout_04.jpg;/bl3854_peanutballs_cutout_05.jpg;/bl3854_peanutballs_cutout_06.jpg;/bl3854_peanutballs_cutout_07.jpg;/bl3854_peanutbal,BL3857
/BK3444_by_kids_only_hibiscus_shirt_01_01.jpg;/BK3444_by_kids_only_hibiscus_shirt_01_02.jpg;/BK3444_by_kids_only_hibiscus_shirt_01_03.jpg,BK3444
/BK3444_by_kids_only_hibiscus_shirt_01_01.jpg;/BK3444_by_kids_only_hibiscus_shirt_01_02.jpg;/BK3444_by_kids_only_hibiscus_shirt_01_03.jpg,BK3445
/BK3444_by_kids_only_hibiscus_shirt_01_01.jpg;/BK3444_by_kids_only_hibiscus_shirt_01_02.jpg;/BK3444_by_kids_only_hibiscus_shirt_01_03.jpg,BK3446
/BK3444_by_kids_only_hibiscus_shirt_01_01.jpg;/BK3444_by_kids_only_hibiscus_shirt_01_02.jpg;/BK3444_by_kids_only_hibiscus_shirt_01_03.jpg,BK3447
/BK3444_by_kids_only_hibiscus_shirt_01_01.jpg;/BK3444_by_kids_only_hibiscus_shirt_01_02.jpg;/BK3444_by_kids_only_hibiscus_shirt_01_03.jpg,BK3448
/BK3444_by_kids_only_hibiscus_shirt_01_01.jpg;/BK3444_by_kids_only_hibiscus_shirt_01_02.jpg;/BK3444_by_kids_only_hibiscus_shirt_01_03.jpg,BK3449
,BK3342
/BK3444_by_kids_only_hibiscus_shirt_01_01.jpg;/BK3444_by_kids_only_hibiscus_shirt_01_02.jpg;/BK3444_by_kids_only_hibiscus_shirt_01_03.jpg,BK3443
,EQ3534
,EQ3535
,EQ3505
,EQ3506
,EQ3537
,EQ3538
,EQ3539
,EQ3540
,WR3493
,WR3495
/navy_short_active.jpg;/navy_short_active_01.jpg,WR3513
/navy_short_active.jpg;/navy_short_active_01.jpg,WR3515
,AP3688
,AP3689
,WR3451
,WR3453
,WR3455
,WR3604
,WR3457
,WR3459
,WR3461
,WR3603
,WR3479
,WR3481
,WR3483
,WR3473
,WR3475
,WR3477
/animal-massagers_01.jpg,TC3601
/animal-massagers_01.jpg,TC1684
/animal-massagers_01.jpg,TC4401
/BA3795-bobles-fish-active_01.jpg;/BA3795-bobles-fish-active_02.jpg;/BA3795-bobles-fish-active_03.jpg,BA3795
/BA3795-bobles-fish-active_01.jpg;/BA3795-bobles-fish-active_02.jpg;/BA3795-bobles-fish-active_03.jpg,BA3796
/BA3795-bobles-fish-active_01.jpg;/BA3795-bobles-fish-active_02.jpg;/BA3795-bobles-fish-active_03.jpg,BA3797
/Chicken_Turqoise_01.jpg;/Chicken_Turqoise_02.jpg,BA3798
/Chicken_Turqoise_01.jpg;/Chicken_Turqoise_02.jpg,BA3799
/Chicken_Turqoise_01.jpg;/Chicken_Turqoise_02.jpg,BA3800
/limesnake_01.jpg;/limesnake_02.jpg,BA3802
/limesnake_01.jpg;/limesnake_02.jpg,BA3803
/limesnake_01.jpg;/limesnake_02.jpg,BA3804
/4-color-chewie-stems_01.jpg;/4-color-chewie-stems_02.jpg,GO3697
/4-color-chewie-stems_01.jpg;/4-color-chewie-stems_02.jpg,GO3808
/4-color-chewie-stems_01.jpg;/4-color-chewie-stems_02.jpg,GO3957
/4-color-chewie-stems_01.jpg;/4-color-chewie-stems_02.jpg,GO3962
/4-color-chewie-stems_01.jpg;/4-color-chewie-stems_02.jpg,GO4278
/4-color-chewie-stems_01.jpg;/4-color-chewie-stems_02.jpg,GO4279
/Wall Easel_01.jpg,HW3659
/Wall Easel_01.jpg,RW4589
/wr3669_airwalker_01.jpg,WR3668
/wr3669_airwalker_01.jpg,WR3669
/wr3669_airwalker_01.jpg,WR4579
/leggings_pink_green_01.jpg;/leggings_pink_green_02.jpg,BK3619
/leggings_pink_green_01.jpg;/leggings_pink_green_02.jpg,BK3620
/leggings_pink_green_01.jpg;/leggings_pink_green_02.jpg,BK3621
/leggings_pink_green_01.jpg;/leggings_pink_green_02.jpg,BK3622
/leggings_pink_green_01.jpg;/leggings_pink_green_02.jpg,BK3623
/leggings_pink_green_01.jpg;/leggings_pink_green_02.jpg,BK3624
/leggings_red_pink_01.jpg;/leggings_red_pink_02.jpg;/leggings_red_pink_03.jpg,BK3626
/leggings_red_pink_01.jpg;/leggings_red_pink_02.jpg;/leggings_red_pink_03.jpg,BK3627
/leggings_red_pink_01.jpg;/leggings_red_pink_02.jpg;/leggings_red_pink_03.jpg,BK3628
/leggings_red_pink_01.jpg;/leggings_red_pink_02.jpg;/leggings_red_pink_03.jpg,BK3630
/leggings_red_pink_01.jpg;/leggings_red_pink_02.jpg;/leggings_red_pink_03.jpg,BK3631
,BK3785
,BK3786
,BK3787
/BK3605_pink_green_candy_dress_01.jpg;/BK3605_pink_green_candy_dress_02.jpg,BK3609
/BK3605_pink_green_candy_dress_01.jpg;/BK3605_pink_green_candy_dress_02.jpg,BK3610
/candy_dress_red_pink_01.jpg;/candy_dress_red_pink_02.jpg;/candy_dress_red_pink_03.jpg,BK3612
/candy_dress_red_pink_01.jpg;/candy_dress_red_pink_02.jpg;/candy_dress_red_pink_03.jpg,BK3613
/candy_dress_red_pink_01.jpg;/candy_dress_red_pink_02.jpg;/candy_dress_red_pink_03.jpg,BK3616
/candy_dress_red_pink_01.jpg;/candy_dress_red_pink_02.jpg;/candy_dress_red_pink_03.jpg,BK3617
/paratrooper-pantsGRAY_01.jpg;/paratrooper-pantsGRAY_02.jpg,BK3779
/paratrooper-pantsGRAY_01.jpg;/paratrooper-pantsGRAY_02.jpg,BK3780
/paratrooper-pantsGRAY_01.jpg;/paratrooper-pantsGRAY_02.jpg,BK3781
/paratrooper-pantsGRAY_01.jpg;/paratrooper-pantsGRAY_02.jpg,BK3782
/paratrooper-pantsGRAY_01.jpg;/paratrooper-pantsGRAY_02.jpg,BK3783
/paratrooper-pantsBLUE_01.jpg,BK3774
/paratrooper-pantsBLUE_01.jpg,BK3775
/paratrooper-pantsBLUE_01.jpg,BK3776
/paratrooper-pantsBLUE_01.jpg,BK3777
/paratrooper-pantsBLUE_01.jpg,BK3778
/paratrooper-pantsTAN_01.jpg;/paratrooper-pantsTAN_02.jpg,BK3769
/paratrooper-pantsTAN_01.jpg;/paratrooper-pantsTAN_02.jpg,BK3770
/paratrooper-pantsTAN_01.jpg;/paratrooper-pantsTAN_02.jpg,BK3771
/paratrooper-pantsTAN_01.jpg;/paratrooper-pantsTAN_02.jpg,BK3772
/paratrooper-pantsTAN_01.jpg;/paratrooper-pantsTAN_02.jpg,BK3773
,MS3699
,MS3700
,MS3701
,MS3702
,MS3703
,MS3704
,MS3705
/trunki-purple_01.jpg;/trunki-purple_02.jpg;/trunki-purple_03.jpg;/trunki-purple_04.jpg;/trunki-purple_05.jpg,MP3806
/trunki-purple_01.jpg;/trunki-purple_02.jpg;/trunki-purple_03.jpg;/trunki-purple_04.jpg;/trunki-purple_05.jpg,MP3807
/VS3766_3_in_1_Indoor_Play_set_1_01.jpg;/VS3766_3_in_1_Indoor_Play_set_1_02.jpg;/VS3766_3_in_1_Indoor_Play_set_1_03.jpg,VS3763
,VS3764
/VS3766_3_in_1_Indoor_Play_set_1_01.jpg;/VS3766_3_in_1_Indoor_Play_set_1_02.jpg;/VS3766_3_in_1_Indoor_Play_set_1_03.jpg,VS3765
/VS3766_3_in_1_Indoor_Play_set_1_01.jpg;/VS3766_3_in_1_Indoor_Play_set_1_02.jpg;/VS3766_3_in_1_Indoor_Play_set_1_03.jpg,VS3766
/chewies_all_01.jpg;/chewies_all_02.jpg;/chewies_all_03.jpg;/chewies_all_04.jpg;/chewies_all_05.jpg;/chewies_all_06.jpg;/chewies_all_07.jpg;/chewies_all_08.jpg,GO3695
/chewies_all_01.jpg;/chewies_all_02.jpg;/chewies_all_03.jpg;/chewies_all_04.jpg;/chewies_all_05.jpg;/chewies_all_06.jpg;/chewies_all_07.jpg;/chewies_all_08.jpg,GO3816
/chewies_all_01.jpg;/chewies_all_02.jpg;/chewies_all_03.jpg;/chewies_all_04.jpg;/chewies_all_05.jpg;/chewies_all_06.jpg;/chewies_all_07.jpg;/chewies_all_08.jpg,GO3817
/chewies_all_01.jpg;/chewies_all_02.jpg;/chewies_all_03.jpg;/chewies_all_04.jpg;/chewies_all_05.jpg;/chewies_all_06.jpg;/chewies_all_07.jpg;/chewies_all_08.jpg,GO3955
/chewies_all_01.jpg;/chewies_all_02.jpg;/chewies_all_03.jpg;/chewies_all_04.jpg;/chewies_all_05.jpg;/chewies_all_06.jpg;/chewies_all_07.jpg;/chewies_all_08.jpg,GO4280
/chewies_all_01.jpg;/chewies_all_02.jpg;/chewies_all_03.jpg;/chewies_all_04.jpg;/chewies_all_05.jpg;/chewies_all_06.jpg;/chewies_all_07.jpg;/chewies_all_08.jpg,GO4281
/Butterfly_Chewie_LowRes_01.jpg;/Butterfly_Chewie_LowRes_02.jpg;/Butterfly_Chewie_LowRes_03.jpg;/Butterfly_Chewie_LowRes_04.jpg;/Butterfly_Chewie_LowRes_05.jpg;/Butterfly_Chewie_LowRes_06.jpg;/Butterfly_Chewie_LowRes_07.jpg,GO3696
/Butterfly_Chewie_LowRes_01.jpg;/Butterfly_Chewie_LowRes_02.jpg;/Butterfly_Chewie_LowRes_03.jpg;/Butterfly_Chewie_LowRes_04.jpg;/Butterfly_Chewie_LowRes_05.jpg;/Butterfly_Chewie_LowRes_06.jpg;/Butterfly_Chewie_LowRes_07.jpg,GO3814
/Butterfly_Chewie_LowRes_01.jpg;/Butterfly_Chewie_LowRes_02.jpg;/Butterfly_Chewie_LowRes_03.jpg;/Butterfly_Chewie_LowRes_04.jpg;/Butterfly_Chewie_LowRes_05.jpg;/Butterfly_Chewie_LowRes_06.jpg;/Butterfly_Chewie_LowRes_07.jpg,GO3815
/Butterfly_Chewie_LowRes_01.jpg;/Butterfly_Chewie_LowRes_02.jpg;/Butterfly_Chewie_LowRes_03.jpg;/Butterfly_Chewie_LowRes_04.jpg;/Butterfly_Chewie_LowRes_05.jpg;/Butterfly_Chewie_LowRes_06.jpg;/Butterfly_Chewie_LowRes_07.jpg,GO3956
/Butterfly_Chewie_LowRes_01.jpg;/Butterfly_Chewie_LowRes_02.jpg;/Butterfly_Chewie_LowRes_03.jpg;/Butterfly_Chewie_LowRes_04.jpg;/Butterfly_Chewie_LowRes_05.jpg;/Butterfly_Chewie_LowRes_06.jpg;/Butterfly_Chewie_LowRes_07.jpg,GO4282
/Butterfly_Chewie_LowRes_01.jpg;/Butterfly_Chewie_LowRes_02.jpg;/Butterfly_Chewie_LowRes_03.jpg;/Butterfly_Chewie_LowRes_04.jpg;/Butterfly_Chewie_LowRes_05.jpg;/Butterfly_Chewie_LowRes_06.jpg;/Butterfly_Chewie_LowRes_07.jpg,GO4283
,VS3684
,VS3685
,VS4941
,VS4942
/GO3719-super-chews-red_01.jpg,GO3719
/GO3719-super-chews-red_01.jpg,GO3720
/SpringSwing1_01.jpg,VS3677
/SpringSwing1_01.jpg,VS3678
/MP1501_red_plasma_car_01.jpg,MP1501
/MP1501_red_plasma_car_01.jpg,MP3822
/VS3827_Around_About_Swing_combined_01_01.jpg;/VS3827_Around_About_Swing_combined_01_02.jpg;/VS3827_Around_About_Swing_combined_01_03.jpg;/VS3827_Around_About_Swing_combined_01_04.jpg,VS3827
,LS3841
,LS3842
/ls3843_fibre_optic_softie_01.jpg;/ls3843_fibre_optic_softie_02.jpg,LS3843
/ls3843_fibre_optic_softie_01.jpg;/ls3843_fibre_optic_softie_02.jpg,LS3844
/ls3843_fibre_optic_softie_01.jpg;/ls3843_fibre_optic_softie_02.jpg,LS3845
/ls3843_fibre_optic_softie_01.jpg;/ls3843_fibre_optic_softie_02.jpg,LS3846
,MS3847
,MS3848
/gymbox_playing1_01.jpg;/gymbox_playing1_02.jpg;/gymbox_playing1_03.jpg,EQ3837
/gymbox_playing1_01.jpg;/gymbox_playing1_02.jpg;/gymbox_playing1_03.jpg,EQ3838
/wr1805_weighted_vest_blue_1_01.jpg,WR1830
/wr1805_weighted_vest_blue_1_01.jpg,WR1831
/wr1805_weighted_vest_blue_1_01.jpg,WR1832
/wr1805_weighted_vest_blue_1_01.jpg,WR1805
/wr1805_weighted_vest_blue_1_01.jpg,WR1806
/wr1805_weighted_vest_blue_1_01.jpg,WR1807
/mb3978_crawlabout_01.jpg,MB3978
/mb3978_crawlabout_01.jpg,MB3979
/st3962_first_class_school_chair__01.jpg,ST3962
/st3962_first_class_school_chair__01.jpg,ST3963
,ST4638
,ST4639
,ST3965
,ST3966
,ST3967
,ST3968
,ST3969
,ST3970
,ST3972
,ST3973
,VS3958
,VS3959
/VS4334_wedge_01.jpg;/VS4334_wedge_02.jpg;/VS4334_wedge_03.jpg;/VS4334_wedge_04.jpg;/VS4334_wedge_05.jpg,VS4244
/VS4334_wedge_01.jpg;/VS4334_wedge_02.jpg;/VS4334_wedge_03.jpg;/VS4334_wedge_04.jpg;/VS4334_wedge_05.jpg,VS4334
/VS4334_wedge_01.jpg;/VS4334_wedge_02.jpg;/VS4334_wedge_03.jpg;/VS4334_wedge_04.jpg;/VS4334_wedge_05.jpg,VS4335
/vs4246_cloud_chair_01.jpg;/vs4246_cloud_chair_02.jpg;/vs4246_cloud_chair_03.jpg;/vs4246_cloud_chair_04.jpg,VS4342
/vs4246_cloud_chair_01.jpg;/vs4246_cloud_chair_02.jpg;/vs4246_cloud_chair_03.jpg;/vs4246_cloud_chair_04.jpg,VS4576
/vs4246_cloud_chair_01.jpg;/vs4246_cloud_chair_02.jpg;/vs4246_cloud_chair_03.jpg;/vs4246_cloud_chair_04.jpg,VS4341
/vs4246_cloud_chair_01.jpg;/vs4246_cloud_chair_02.jpg;/vs4246_cloud_chair_03.jpg;/vs4246_cloud_chair_04.jpg,VS4246
/pr4238_daily_routines_sets_01.jpg;/pr4238_daily_routines_sets_02.jpg,PR4238
/pr4238_daily_routines_sets_01.jpg;/pr4238_daily_routines_sets_02.jpg,PR4239
/social-skills-set11.gif;/social-skills-set_01.gif,PR4240
/social-skills-set11.gif;/social-skills-set_01.gif,PR4241
/PR4236_feeling_set_01.jpg;/PR4236_feeling_set_02.jpg,PR4236
/PR4236_feeling_set_01.jpg;/PR4236_feeling_set_02.jpg,PR4237
/eq4291_first-toodle-active_01.jpg;/eq4291_first-toodle-active_02.jpg;/eq4291_first-toodle-active_03.jpg;/eq4291_first-toodle-active_04.jpg;/eq4291_first-toodle-active_05.jpg;/eq4291_first-toodle-active_06.jpg,EQ4291
/eq4291_first-toodle-active_01.jpg;/eq4291_first-toodle-active_02.jpg;/eq4291_first-toodle-active_03.jpg;/eq4291_first-toodle-active_04.jpg;/eq4291_first-toodle-active_05.jpg;/eq4291_first-toodle-active_06.jpg,EQ4424
/sand-tray_01.jpg,TC4292
/sand-tray_01.jpg,TC4293
/sand-tray_01.jpg,TC4294
,TC4305
,TC4306
,TC4307
,TC4312
,TC4313
,MP4095
,MP4096
,TC4315
,TC4317
,TC4316
,TC4318
/video_rockers_st4351_01.jpg;/video_rockers_st4351_02.jpg;/video_rockers_st4351_03.jpg;/video_rockers_st4351_04.jpg,ST4351
/video_rockers_st4351_01.jpg;/video_rockers_st4351_02.jpg;/video_rockers_st4351_03.jpg;/video_rockers_st4351_04.jpg,ST4352
/video_rockers_st4351_01.jpg;/video_rockers_st4351_02.jpg;/video_rockers_st4351_03.jpg;/video_rockers_st4351_04.jpg,ST4353
/video_rockers_st4351_01.jpg;/video_rockers_st4351_02.jpg;/video_rockers_st4351_03.jpg;/video_rockers_st4351_04.jpg,ST4354
/navy_short_active_01.jpg,WR3858
/navy_short_active_01.jpg,WR3859
/navy_short_active_01.jpg,WR3860
/navy_short_active_01.jpg,WR3861
/navy_short_active_01.jpg,WR3862
/navy_short_active_01.jpg,WR3863
/navy_short_active_01.jpg,WR3864
,WR3872
,WR3873
,WR3874
,WR3875
,WR3876
,WR3877
,WR3878
/sneaker-sens-ational-hug-tee_1_01.jpg;/sneaker-sens-ational-hug-tee_1_02.jpg,WR3901
/sneaker-sens-ational-hug-tee_1_01.jpg;/sneaker-sens-ational-hug-tee_1_02.jpg,WR3902
/sneaker-sens-ational-hug-tee_1_01.jpg;/sneaker-sens-ational-hug-tee_1_02.jpg,WR3903
/sneaker-sens-ational-hug-tee_1_01.jpg;/sneaker-sens-ational-hug-tee_1_02.jpg,WR3904
/sneaker-sens-ational-hug-tee_1_01.jpg;/sneaker-sens-ational-hug-tee_1_02.jpg,WR3905
/sneaker-sens-ational-hug-tee_1_01.jpg;/sneaker-sens-ational-hug-tee_1_02.jpg,WR3906
/DR2416-seamless-sensitivity-socks_01.jpg,DR2416
/DR2416-seamless-sensitivity-socks_01.jpg,DR2418
/DR2416-seamless-sensitivity-socks_01.jpg,DR2420
/DR2416-seamless-sensitivity-socks_01.jpg,DR2424
/DR2416-seamless-sensitivity-socks_01.jpg,DR2426
/DR2416-seamless-sensitivity-socks_01.jpg,DR4613
/DR2416-seamless-sensitivity-socks_01.jpg,DR4614
,DR2440
,DR2442
,DR2444
,DR2446
,DR2448
/DR2416-seamless-sensitivity-socks_01.jpg,DR4615
/DR2416-seamless-sensitivity-socks_01.jpg,DR4616
/thumbnail.aspx_01.jpg,VS4148
,WR4580
/swing_adjustment_system_01.jpg;/swing_adjustment_system_02.jpg;/swing_adjustment_system_03.jpg;/swing_adjustment_system_04.jpg,WR4512
,EQ4149
/eq4151_joki3.jpg;/eq4151_joki4_02.jpg;/eq4151_joki4_03.jpg;/eq4151_joki_01.jpg,EQ4150
/frillytee_silo_01.jpg;/frillytee_silo_02.jpg,WR3943
/frillytee_silo_01.jpg;/frillytee_silo_02.jpg,WR3944
/frillytee_silo_01.jpg;/frillytee_silo_02.jpg,WR3945
/frillytee_silo_01.jpg;/frillytee_silo_02.jpg,WR3946
/frillytee_silo_01.jpg;/frillytee_silo_02.jpg,WR3947
/frillytee_silo_01.jpg;/frillytee_silo_02.jpg,WR3948
,WR3895
,WR3896
/navybluelongsleeve_01.jpg,WR4621
/navybluelongsleeve_01.jpg,WR4622
/navybluelongsleeve_01.jpg,WR4623
/navybluelongsleeve_01.jpg,WR4624
/navybluelongsleeve_01.jpg,WR3897
/navybluelongsleeve_01.jpg,WR3898
/navybluelongsleeve_01.jpg,WR3899
/sens-ational-bow-tie2_01.jpg,WR3929
/sens-ational-bow-tie2_01.jpg,WR3930
/sens-ational-bow-tie2_01.jpg,WR3931
/sens-ational-bow-tie2_01.jpg,WR3932
/sens-ational-bow-tie2_01.jpg,WR3933
/sens-ational-bow-tie2_01.jpg,WR3934
/sr3988_sensgard__01.jpg,SR3988
/sr3988_sensgard__01.jpg,SR3989
/sr3988_sensgard__01.jpg,SR3990
/sr3988_sensgard__01.jpg,SR3991
/sr3988_sensgard__01.jpg,SR3992
,HW4045
,HW4046
,GO4011
,GO4013
,GO4014
,GO4015
,GO4016
,GO4017
,GO4018
,GO4019
,GO4020
/rockinbowl-3_01.jpg;/rockinbowl-3_02.jpg,BA4003
/rockinbowl-3_01.jpg;/rockinbowl-3_02.jpg,BA4702
/white_01.jpg,GO4021
/white_01.jpg,GO4022
/white_01.jpg,GO4023
,GO4024
/kazam-combo_01.jpg;/kazam-combo_02.jpg;/kazam-combo_03.jpg;/kazam-combo_04.jpg,GM4231
/kazam-combo_01.jpg;/kazam-combo_02.jpg;/kazam-combo_03.jpg;/kazam-combo_04.jpg,GM4232
/kazam-combo_01.jpg;/kazam-combo_02.jpg;/kazam-combo_03.jpg;/kazam-combo_04.jpg,GM4233
/kazam-combo_01.jpg;/kazam-combo_02.jpg;/kazam-combo_03.jpg;/kazam-combo_04.jpg,GM4234
,HW4047
,HW4048
,HW4049
,HW4051
/all-ten-in-order_01.jpg;/all-ten-in-order_02.jpg;/all-ten-in-order_03.jpg;/all-ten-in-order_04.jpg;/all-ten-in-order_05.jpg;/all-ten-in-order_06.jpg,TC3982
/all-ten-in-order_01.jpg;/all-ten-in-order_02.jpg;/all-ten-in-order_03.jpg;/all-ten-in-order_04.jpg;/all-ten-in-order_05.jpg;/all-ten-in-order_06.jpg,TC3983
/all-ten-in-order_01.jpg;/all-ten-in-order_02.jpg;/all-ten-in-order_03.jpg;/all-ten-in-order_04.jpg;/all-ten-in-order_05.jpg;/all-ten-in-order_06.jpg,TC3981
/bubber_green_01.jpg;/bubber_green_02.jpg;/bubber_green_03.jpg;/bubber_green_04.jpg;/bubber_green_05.jpg,TC4093
/bubber_green_01.jpg;/bubber_green_02.jpg;/bubber_green_03.jpg;/bubber_green_04.jpg;/bubber_green_05.jpg,TC4381
/bubber_green_01.jpg;/bubber_green_02.jpg;/bubber_green_03.jpg;/bubber_green_04.jpg;/bubber_green_05.jpg,TC4382
/bubber_green_01.jpg;/bubber_green_02.jpg;/bubber_green_03.jpg;/bubber_green_04.jpg;/bubber_green_05.jpg,TC4383
/bubber_green_01.jpg;/bubber_green_02.jpg;/bubber_green_03.jpg;/bubber_green_04.jpg;/bubber_green_05.jpg,TC4384
/bubber_green_01.jpg;/bubber_green_02.jpg;/bubber_green_03.jpg;/bubber_green_04.jpg;/bubber_green_05.jpg,TC4385
/bubber_green_02.jpg;/bubber_green_03.jpg;/bubber_green_04.jpg;/bubber_green_05.jpg,MN4098
,MN4097
/arks-catnmous-kit_03.jpg;/arks-catnmous-kit_04.jpg,GO4172
,GO4192
,GO4183
,GO4184
,GO4185
,GO4193
,GO4194
,GO4195
,GO4186
,GO4187
,GO4188
,GO4196
,GO4197
,GO4198
,GO4189
,GO4190
,GO4191
,GO4199
,GO4200
,GO4201
,GO4203
,GO4205
/EQ4377_all_mats_01.jpg;/EQ4377_all_mats_02.jpg;/EQ4377_all_mats_03.jpg;/EQ4377_all_mats_04.jpg;/EQ4377_all_mats_05.jpg,EQ4135
/EQ4377_all_mats_01.jpg;/EQ4377_all_mats_02.jpg;/EQ4377_all_mats_03.jpg;/EQ4377_all_mats_04.jpg;/EQ4377_all_mats_05.jpg,EQ4377
/EQ4377_all_mats_01.jpg;/EQ4377_all_mats_02.jpg;/EQ4377_all_mats_03.jpg;/EQ4377_all_mats_04.jpg;/EQ4377_all_mats_05.jpg,EQ4378
/WR4333-heavy-sleeper-main-_01.jpg;/WR4333-heavy-sleeper-main-_02.jpg;/WR4333-heavy-sleeper-main-_03.jpg,WR4257
/WR4333-heavy-sleeper-main-_01.jpg;/WR4333-heavy-sleeper-main-_02.jpg;/WR4333-heavy-sleeper-main-_03.jpg,WR4333
/find-me-lap-pad-_01.jpg;/find-me-lap-pad-_02.jpg;/find-me-lap-pad-_03.jpg,WR4271
/find-me-lap-pad-_01.jpg;/find-me-lap-pad-_02.jpg;/find-me-lap-pad-_03.jpg,WR4272
/find-me-lap-pad-_01.jpg;/find-me-lap-pad-_02.jpg;/find-me-lap-pad-_03.jpg,WR4273
/monkey-lap-pad-active_01.jpg;/monkey-lap-pad-active_02.jpg,WR4268
/monkey-lap-pad-active_01.jpg;/monkey-lap-pad-active_02.jpg,WR4269
/monkey-lap-pad-active_01.jpg;/monkey-lap-pad-active_02.jpg,WR4270
,PR4366
,PR4367
,PR4368
,PR4369
,PR4370
/RS4408_the_mozart_effect_combined_01.jpg;/RS4408_the_mozart_effect_combined_02.jpg;/RS4408_the_mozart_effect_combined_03.jpg,RS4405
/RS4408_the_mozart_effect_combined_01.jpg;/RS4408_the_mozart_effect_combined_02.jpg;/RS4408_the_mozart_effect_combined_03.jpg,RS4406
/RS4408_the_mozart_effect_combined_01.jpg;/RS4408_the_mozart_effect_combined_02.jpg;/RS4408_the_mozart_effect_combined_03.jpg,RS4407
/RS4408_the_mozart_effect_combined_01.jpg;/RS4408_the_mozart_effect_combined_02.jpg;/RS4408_the_mozart_effect_combined_03.jpg,RS4408
/WR4274-weighted-lap-pad-active_01.jpg;/WR4274-weighted-lap-pad-active_02.jpg;/WR4274-weighted-lap-pad-active_03.jpg,WR4274
/WR4274-weighted-lap-pad-active_01.jpg;/WR4274-weighted-lap-pad-active_02.jpg;/WR4274-weighted-lap-pad-active_03.jpg,WR4275
/WR4274-weighted-lap-pad-active_01.jpg;/WR4274-weighted-lap-pad-active_02.jpg;/WR4274-weighted-lap-pad-active_03.jpg,WR4276
/WR4284_peace_vest_active_01.jpg,WR4284
/WR4284_peace_vest_active_01.jpg,WR4285
/WR4284_peace_vest_active_01.jpg,WR4286
/WR4265-band-weighted-compression-vest-active_01.jpg,WR4265
/WR4265-band-weighted-compression-vest-active_01.jpg,WR4266
/WR4265-band-weighted-compression-vest-active_01.jpg,WR4267
/WR4258-dolphin-vest1_01.jpg;/WR4258-dolphin-vest1_02.jpg,WR4258
/WR4258-dolphin-vest1_01.jpg;/WR4258-dolphin-vest1_02.jpg,WR4259
/WR4258-dolphin-vest1_01.jpg;/WR4258-dolphin-vest1_02.jpg,WR4260
/WR4262-motorcycle-vest_01.jpg,WR4262
/WR4262-motorcycle-vest_01.jpg,WR4263
/WR4262-motorcycle-vest_01.jpg,WR4264
,WR4433
,WR4434
,WR4435
,WR4436
,ST4430
,ST4431
,ST4432
,HW4052
,HW4053
,HW4054
,HW4055
,HW4056
,WR4486
,WR4485
/GB4581_01.jpg;/GB4581_02.jpg;/GB4581_03.jpg;/GB4581_04.jpg;/GB4581_05.jpg,GB4581
/GB4581_01.jpg;/GB4581_02.jpg;/GB4581_03.jpg;/GB4581_04.jpg;/GB4581_05.jpg,GB4582
,GB4489
,GB4492
,PR3288
,PR3290
,PR3338
,PR3340
,PR3342
,PR3344
,WR4531
/eq4458_cherry_lounger_chair_01.jpg;/eq4458_cherry_lounger_chair_02.jpg;/eq4458_cherry_lounger_chair_03.jpg;/eq4458_cherry_lounger_chair_04.jpg;/eq4458_cherry_lounger_chair_05.jpg,EQ4458
/eq4458_cherry_lounger_chair_01.jpg;/eq4458_cherry_lounger_chair_02.jpg;/eq4458_cherry_lounger_chair_03.jpg;/eq4458_cherry_lounger_chair_04.jpg;/eq4458_cherry_lounger_chair_05.jpg,EQ4461
/eq4458_cherry_lounger_chair_01.jpg;/eq4458_cherry_lounger_chair_02.jpg;/eq4458_cherry_lounger_chair_03.jpg;/eq4458_cherry_lounger_chair_04.jpg;/eq4458_cherry_lounger_chair_05.jpg,EQ4456
/eq4458_cherry_lounger_chair_01.jpg;/eq4458_cherry_lounger_chair_02.jpg;/eq4458_cherry_lounger_chair_03.jpg;/eq4458_cherry_lounger_chair_04.jpg;/eq4458_cherry_lounger_chair_05.jpg,EQ4459
/eq4465_jaxxjr_grape_01.jpg;/eq4465_jaxxjr_grape_02.jpg;/eq4465_jaxxjr_grape_03.jpg;/eq4465_jaxxjr_grape_04.jpg;/eq4465_jaxxjr_grape_05.jpg,EQ4462
/eq4465_jaxxjr_grape_01.jpg;/eq4465_jaxxjr_grape_02.jpg;/eq4465_jaxxjr_grape_03.jpg;/eq4465_jaxxjr_grape_04.jpg;/eq4465_jaxxjr_grape_05.jpg,EQ4463
/eq4465_jaxxjr_grape_01.jpg;/eq4465_jaxxjr_grape_02.jpg;/eq4465_jaxxjr_grape_03.jpg;/eq4465_jaxxjr_grape_04.jpg;/eq4465_jaxxjr_grape_05.jpg,EQ4464
/eq4465_jaxxjr_grape_01.jpg;/eq4465_jaxxjr_grape_02.jpg;/eq4465_jaxxjr_grape_03.jpg;/eq4465_jaxxjr_grape_04.jpg;/eq4465_jaxxjr_grape_05.jpg,EQ4465
/eq4465_jaxxjr_grape_01.jpg;/eq4465_jaxxjr_grape_02.jpg;/eq4465_jaxxjr_grape_03.jpg;/eq4465_jaxxjr_grape_04.jpg;/eq4465_jaxxjr_grape_05.jpg,EQ4466
/eq4465_jaxxjr_grape_01.jpg;/eq4465_jaxxjr_grape_02.jpg;/eq4465_jaxxjr_grape_03.jpg;/eq4465_jaxxjr_grape_04.jpg;/eq4465_jaxxjr_grape_05.jpg,EQ4467
/eq4464_blueberry_club_bean_bag_chair_01.jpg;/eq4464_blueberry_club_bean_bag_chair_02.jpg;/eq4464_blueberry_club_bean_bag_chair_03.jpg;/eq4464_blueberry_club_bean_bag_chair_04.jpg;/eq4464_blueberry_club_bean_bag_chair_05.jpg,EQ4470
/eq4464_blueberry_club_bean_bag_chair_01.jpg;/eq4464_blueberry_club_bean_bag_chair_02.jpg;/eq4464_blueberry_club_bean_bag_chair_03.jpg;/eq4464_blueberry_club_bean_bag_chair_04.jpg;/eq4464_blueberry_club_bean_bag_chair_05.jpg,EQ4473
/eq4464_blueberry_club_bean_bag_chair_01.jpg;/eq4464_blueberry_club_bean_bag_chair_02.jpg;/eq4464_blueberry_club_bean_bag_chair_03.jpg;/eq4464_blueberry_club_bean_bag_chair_04.jpg;/eq4464_blueberry_club_bean_bag_chair_05.jpg,EQ4471
/eq4464_blueberry_club_bean_bag_chair_01.jpg;/eq4464_blueberry_club_bean_bag_chair_02.jpg;/eq4464_blueberry_club_bean_bag_chair_03.jpg;/eq4464_blueberry_club_bean_bag_chair_04.jpg;/eq4464_blueberry_club_bean_bag_chair_05.jpg,EQ4468
/eq4479_lime_cocoon_bean_bag_chair_01.jpg;/eq4479_lime_cocoon_bean_bag_chair_02.jpg;/eq4479_lime_cocoon_bean_bag_chair_03.jpg,EQ4479
/eq4479_lime_cocoon_bean_bag_chair_01.jpg;/eq4479_lime_cocoon_bean_bag_chair_02.jpg;/eq4479_lime_cocoon_bean_bag_chair_03.jpg,EQ4477
/eq4479_lime_cocoon_bean_bag_chair_01.jpg;/eq4479_lime_cocoon_bean_bag_chair_02.jpg;/eq4479_lime_cocoon_bean_bag_chair_03.jpg,EQ4476
/eq4479_lime_cocoon_bean_bag_chair_01.jpg;/eq4479_lime_cocoon_bean_bag_chair_02.jpg;/eq4479_lime_cocoon_bean_bag_chair_03.jpg,EQ4474
/fireman_dressing_vest_01.jpg,DR2217
,DR2218
,DR2226
/ba4548_3_min_egg4_01.jpg;/ba4548_3_min_egg4_02.jpg;/ba4548_3_min_egg4_03.jpg;/ba4548_3_min_egg4_04.jpg,BA4548
/ba4548_3_min_egg4_01.jpg;/ba4548_3_min_egg4_02.jpg;/ba4548_3_min_egg4_03.jpg;/ba4548_3_min_egg4_04.jpg,BA4549
/ba4548_3_min_egg4_01.jpg;/ba4548_3_min_egg4_02.jpg;/ba4548_3_min_egg4_03.jpg;/ba4548_3_min_egg4_04.jpg,BA4550
/go4568_4pack1_01.jpg;/go4568_4pack1_02.jpg;/go4568_4pack1_03.jpg,GO4566
/go4568_4pack1_01.jpg;/go4568_4pack1_02.jpg;/go4568_4pack1_03.jpg,GO4563
/go4568_4pack1_01.jpg;/go4568_4pack1_02.jpg;/go4568_4pack1_03.jpg,GO4564
/go4568_4pack1_01.jpg;/go4568_4pack1_02.jpg;/go4568_4pack1_03.jpg,GO4567
/go4568_4pack1_01.jpg;/go4568_4pack1_02.jpg;/go4568_4pack1_03.jpg,GO4568
/combined_all_2_01.jpg;/combined_all_2_02.jpg;/combined_all_2_03.jpg;/combined_all_2_04.jpg;/combined_all_2_05.jpg;/combined_all_2_06.jpg;/combined_all_2_07.jpg,GO4571
/combined_all_2_01.jpg;/combined_all_2_02.jpg;/combined_all_2_03.jpg;/combined_all_2_04.jpg;/combined_all_2_05.jpg;/combined_all_2_06.jpg;/combined_all_2_07.jpg,GO4572
/combined_all_2_01.jpg;/combined_all_2_02.jpg;/combined_all_2_03.jpg;/combined_all_2_04.jpg;/combined_all_2_05.jpg;/combined_all_2_06.jpg;/combined_all_2_07.jpg,GO4573
/combined_all_2_01.jpg;/combined_all_2_02.jpg;/combined_all_2_03.jpg;/combined_all_2_04.jpg;/combined_all_2_05.jpg;/combined_all_2_06.jpg;/combined_all_2_07.jpg,GO4574
/combined_all_2_01.jpg;/combined_all_2_02.jpg;/combined_all_2_03.jpg;/combined_all_2_04.jpg;/combined_all_2_05.jpg;/combined_all_2_06.jpg;/combined_all_2_07.jpg,GO4575
/combined_all_2_01.jpg;/combined_all_2_02.jpg;/combined_all_2_03.jpg;/combined_all_2_04.jpg;/combined_all_2_05.jpg;/combined_all_2_06.jpg;/combined_all_2_07.jpg,GO4661
/climbing_swrings_01_01.jpg;/climbing_swrings_01_02.jpg,VS4441
/climbing_swrings_01_01.jpg;/climbing_swrings_01_02.jpg,VS4442
/VS4444_moving_grooving_01.jpg,VS4444
/VS4444_moving_grooving_01.jpg,VS4445
/VS4447_ Basket_swring_prime_colors_01.jpg;/VS4447_ Basket_swring_prime_colors_02.jpg;/VS4447_Basket_swring_prime_colors_03.jpg,VS4446
/VS4447_ Basket_swring_prime_colors_01.jpg;/VS4447_ Basket_swring_prime_colors_02.jpg;/VS4447_ Basket_swring_prime_colors_03.jpg,VS4447
,RW4593
,RW4594
/vs4552_homestand_white_01.jpg,VS4551
/vs4552_homestand_white_01.jpg,VS4552
,VS4557
,VS4558
,VS4559
,VS4560
,VS4561
,VS4562
,RW4595
,RW4596
/sp4666_space_sand_01.jpg,SP4665
/sp4666_space_sand_01.jpg,SP4666
/sp4666_space_sand_01.jpg,SP4667
/cando_theraputty_without_black_2_oz_01.jpg;/cando_theraputty_without_black_2_oz_02.jpg;/cando_theraputty_without_black_2_oz_03.jpg;/cando_theraputty_without_black_2_oz_04.jpg;/cando_theraputty_without_black_2_oz_05.jpg,MW4640
/cando_theraputty_without_black_2_oz_01.jpg;/cando_theraputty_without_black_2_oz_02.jpg;/cando_theraputty_without_black_2_oz_03.jpg;/cando_theraputty_without_black_2_oz_04.jpg;/cando_theraputty_without_black_2_oz_05.jpg,MW4641
/cando_theraputty_without_black_2_oz_01.jpg;/cando_theraputty_without_black_2_oz_02.jpg;/cando_theraputty_without_black_2_oz_03.jpg;/cando_theraputty_without_black_2_oz_04.jpg;/cando_theraputty_without_black_2_oz_05.jpg,MW4642
/cando_theraputty_without_black_2_oz_01.jpg;/cando_theraputty_without_black_2_oz_02.jpg;/cando_theraputty_without_black_2_oz_03.jpg;/cando_theraputty_without_black_2_oz_04.jpg;/cando_theraputty_without_black_2_oz_05.jpg,MW4643
/cando_theraputty_without_black_2_oz_01.jpg;/cando_theraputty_without_black_2_oz_02.jpg;/cando_theraputty_without_black_2_oz_03.jpg;/cando_theraputty_without_black_2_oz_04.jpg;/cando_theraputty_without_black_2_oz_05.jpg,MW4644
/cando_theraputty_4_oz_group_without_black_01.jpg;/cando_theraputty_4_oz_group_without_black_02.jpg;/cando_theraputty_4_oz_group_without_black_03.jpg;/cando_theraputty_4_oz_group_without_black_04.jpg;/cando_theraputty_4_oz_group_without_black_05.jpg,MW4645
/cando_theraputty_4_oz_group_without_black_01.jpg;/cando_theraputty_4_oz_group_without_black_02.jpg;/cando_theraputty_4_oz_group_without_black_03.jpg;/cando_theraputty_4_oz_group_without_black_04.jpg;/cando_theraputty_4_oz_group_without_black_05.jpg,MW4646
/cando_theraputty_4_oz_group_without_black_01.jpg;/cando_theraputty_4_oz_group_without_black_02.jpg;/cando_theraputty_4_oz_group_without_black_03.jpg;/cando_theraputty_4_oz_group_without_black_04.jpg;/cando_theraputty_4_oz_group_without_black_05.jpg,MW4648
/cando_theraputty_4_oz_group_without_black_01.jpg;/cando_theraputty_4_oz_group_without_black_02.jpg;/cando_theraputty_4_oz_group_without_black_03.jpg;/cando_theraputty_4_oz_group_without_black_04.jpg;/cando_theraputty_4_oz_group_without_black_05.jpg,MW4649
/cando_theraputty_1_lb_02_01_01.jpg;/cando_theraputty_1_lb_02_01_02.jpg;/cando_theraputty_1_lb_02_01_03.jpg;/cando_theraputty_1_lb_02_01_04.jpg;/cando_theraputty_1_lb_02_01_05.jpg,MW4650
/cando_theraputty_1_lb_02_01_01.jpg;/cando_theraputty_1_lb_02_01_02.jpg;/cando_theraputty_1_lb_02_01_03.jpg;/cando_theraputty_1_lb_02_01_04.jpg;/cando_theraputty_1_lb_02_01_05.jpg,MW4651
/cando_theraputty_1_lb_02_01_01.jpg;/cando_theraputty_1_lb_02_01_02.jpg;/cando_theraputty_1_lb_02_01_03.jpg;/cando_theraputty_1_lb_02_01_04.jpg;/cando_theraputty_1_lb_02_01_05.jpg,MW4652
/cando_theraputty_1_lb_02_01_01.jpg;/cando_theraputty_1_lb_02_01_02.jpg;/cando_theraputty_1_lb_02_01_03.jpg;/cando_theraputty_1_lb_02_01_04.jpg;/cando_theraputty_1_lb_02_01_05.jpg,MW4653
/cando_theraputty_1_lb_02_01_01.jpg;/cando_theraputty_1_lb_02_01_02.jpg;/cando_theraputty_1_lb_02_01_03.jpg;/cando_theraputty_1_lb_02_01_04.jpg;/cando_theraputty_1_lb_02_01_05.jpg,MW4654
/cando_theraputty_5lb_group_without_black_01.jpg;/cando_theraputty_5lb_group_without_black_02.jpg;/cando_theraputty_5lb_group_without_black_03.jpg;/cando_theraputty_5lb_group_without_black_04.jpg;/cando_theraputty_5lb_group_without_black_05.jpg,MW4655
/cando_theraputty_5lb_group_without_black_01.jpg;/cando_theraputty_5lb_group_without_black_02.jpg;/cando_theraputty_5lb_group_without_black_03.jpg;/cando_theraputty_5lb_group_without_black_04.jpg;/cando_theraputty_5lb_group_without_black_05.jpg,MW4656
/cando_theraputty_5lb_group_without_black_01.jpg;/cando_theraputty_5lb_group_without_black_02.jpg;/cando_theraputty_5lb_group_without_black_03.jpg;/cando_theraputty_5lb_group_without_black_04.jpg;/cando_theraputty_5lb_group_without_black_05.jpg,MW4657
/cando_theraputty_5lb_group_without_black_01.jpg;/cando_theraputty_5lb_group_without_black_02.jpg;/cando_theraputty_5lb_group_without_black_03.jpg;/cando_theraputty_5lb_group_without_black_04.jpg;/cando_theraputty_5lb_group_without_black_05.jpg,MW4658
/cando_theraputty_5lb_group_without_black_01.jpg;/cando_theraputty_5lb_group_without_black_02.jpg;/cando_theraputty_5lb_group_without_black_03.jpg;/cando_theraputty_5lb_group_without_black_04.jpg;/cando_theraputty_5lb_group_without_black_05.jpg,MW4659
/cf4676_flavour_pack_2_01.jpg;/cf4676_flavour_pack_2_02.jpg;/cf4676_flavour_pack_2_03.jpg,CF4676
/cf4676_flavour_pack_2_01.jpg;/cf4676_flavour_pack_2_02.jpg;/cf4676_flavour_pack_2_03.jpg,CF4677
/cf4676_flavour_pack_2_01.jpg;/cf4676_flavour_pack_2_02.jpg;/cf4676_flavour_pack_2_03.jpg,CF4678
/cf4676_flavour_pack_2_01.jpg;/cf4676_flavour_pack_2_02.jpg;/cf4676_flavour_pack_2_03.jpg,CF4679
,CF4683
,CF4684
/sr4585_yoga_cards1_logo_01.jpg;/sr4585_yoga_cards1_logo_02.jpg,SR4585
/sr4585_yoga_cards1_logo_01.jpg;/sr4585_yoga_cards1_logo_02.jpg,SR4694
/sr4585_yoga_cards1_logo_01.jpg;/sr4585_yoga_cards1_logo_02.jpg,SR4695
/sr4585_yoga_cards1_logo_01.jpg;/sr4585_yoga_cards1_logo_02.jpg,SR4696
/sr4585_yoga_cards1_logo_01.jpg;/sr4585_yoga_cards1_logo_02.jpg,SR4697
/sr4585_yoga_cards1_logo_01.jpg;/sr4585_yoga_cards1_logo_02.jpg,SR4698
/sr4585_yoga_cards1_logo_01.jpg;/sr4585_yoga_cards1_logo_02.jpg,SR4699
/dr4686_seamless_undies_boys_boxer_briefs_01.jpg,DR4686
/dr4686_seamless_undies_boys_boxer_briefs_01.jpg,DR4687
/dr4686_seamless_undies_boys_boxer_briefs_01.jpg,DR4688
/dr4689_seamless_undies_girls_low_rise_boy_cut_style_01.jpg,DR4689
/dr4689_seamless_undies_girls_low_rise_boy_cut_style_01.jpg,DR4690
/dr4689_seamless_undies_girls_low_rise_boy_cut_style_01.jpg,DR4691
/mw4711_mobo_mini2_01.jpg;/mw4711_mobo_mini2_02.jpg;/mw4711_mobo_mini2_03.jpg,MW4711
/mw4711_mobo_mini2_01.jpg;/mw4711_mobo_mini2_02.jpg;/mw4711_mobo_mini2_03.jpg,MW4712
/mw4713_mobo_mobito_active3_01.jpg;/mw4713_mobo_mobito_active3_02.jpg;/mw4713_mobo_mobito_active3_03.jpg,MW4713
/mw4713_mobo_mobito_active3_01.jpg;/mw4713_mobo_mobito_active3_02.jpg;/mw4713_mobo_mobito_active3_03.jpg,MW4714
/mw4713_mobo_mobito_active3_01.jpg;/mw4713_mobo_mobito_active3_02.jpg;/mw4713_mobo_mobito_active3_03.jpg,MW4715
/mw4713_mobo_mobito_active3_01.jpg;/mw4713_mobo_mobito_active3_02.jpg;/mw4713_mobo_mobito_active3_03.jpg,MW4716
/mw4717_mobo_triton_active1_01.jpg;/mw4717_mobo_triton_active1_02.jpg;/mw4717_mobo_triton_active1_03.jpg,MW4717
/mw4717_mobo_triton_active1_01.jpg;/mw4717_mobo_triton_active1_02.jpg;/mw4717_mobo_triton_active1_03.jpg,MW4718
/mw4717_mobo_triton_active1_01.jpg;/mw4717_mobo_triton_active1_02.jpg;/mw4717_mobo_triton_active1_03.jpg,MW4719
/mw4717_mobo_triton_active1_01.jpg;/mw4717_mobo_triton_active1_02.jpg;/mw4717_mobo_triton_active1_03.jpg,MW4720
/mw47489_bean_bag_poly_01.jpg,MW4748
/mw47489_bean_bag_poly_01.jpg,MW4749
,CM4737
,CM4738
,CM4739
,CM4740
,CM4741
,CM4742
/cf4635_fishy_gel_cushion_01.jpg;/cf4635_fishy_gel_cushion_02.jpg;/cf4635_fishy_gel_cushion_03.jpg;/cf4635_fishy_gel_cushion_04.jpg,CF4635
/cf4635_fishy_gel_cushion_01.jpg;/cf4635_fishy_gel_cushion_02.jpg;/cf4635_fishy_gel_cushion_03.jpg;/cf4635_fishy_gel_cushion_04.jpg,CF4636
/cf4735_pink_stars1_01.jpg;/cf4735_pink_stars1_02.jpg,CF4735
/cf4735_pink_stars1_01.jpg;/cf4735_pink_stars1_02.jpg,CF4736
/wr4516_wr4517_wr4518_pressure_mesh_vest_07_01.jpg;/wr4516_wr4517_wr4518_pressure_mesh_vest_07_02.jpg;/wr4516_wr4517_wr4518_pressure_mesh_vest_07_03.jpg,WR4516
/wr4516_wr4517_wr4518_pressure_mesh_vest_07_01.jpg;/wr4516_wr4517_wr4518_pressure_mesh_vest_07_02.jpg;/wr4516_wr4517_wr4518_pressure_mesh_vest_07_03.jpg,WR4517
/wr4516_wr4517_wr4518_pressure_mesh_vest_07_01.jpg;/wr4516_wr4517_wr4518_pressure_mesh_vest_07_02.jpg;/wr4516_wr4517_wr4518_pressure_mesh_vest_07_03.jpg,WR4518
/WR4522_Swivel_Piece_for_Swings_2_01.jpg;/WR4522_Swivel_Piece_for_Swings_2_02.jpg;/WR4522_Swivel_Piece_for_Swings_2_03.jpg,VS4619
,WR4521
,WR4523
/_RW4515_green1_01.jpg,RW4515
/_RW4515_green1_01.jpg,RW4514
/mw4776_high_rise_step_up_natural12_01.jpg;/mw4776_high_rise_step_up_natural12_02.jpg,MW4776
/mw4776_high_rise_step_up_natural12_01.jpg;/mw4776_high_rise_step_up_natural12_02.jpg,MW4777
/mw4779_step_up_kitchen_helper__espresso_01.jpg,MW4779
/mw4779_step_up_kitchen_helper__espresso_01.jpg,MW4780
/cf4786_cf4787_stretch_loop2_01.jpg;/cf4786_cf4787_stretch_loop2_02.jpg,CF4786
/cf4786_cf4787_stretch_loop2_01.jpg;/cf4786_cf4787_stretch_loop2_02.jpg,CF4787
/cf4786_cf4787_stretch_loop2_01.jpg;/cf4786_cf4787_stretch_loop2_02.jpg,CF4788
/cf4786_cf4787_stretch_loop2_01.jpg;/cf4786_cf4787_stretch_loop2_02.jpg,CF4789
,CF4790
,CF4791
,CF4792
,CF4793
,EX3000
,EX3007
/mw4771_competition-cups1_01.jpg;/mw4771_competition-cups1_02.jpg,MW4770
/mw4771_competition-cups1_01.jpg;/mw4771_competition-cups1_02.jpg,MW4771
/cf4824_no_spill_bubble_machine_1_01.jpg,CF4824
,CF4933
/vs3829_combined_01.jpg,VS3829
/vs3829_combined_01.jpg,VS4801
/vs3829_combined_01.jpg,VS4804
/vs3829_combined_01.jpg,VS4800
/vs3829_combined_01.jpg,VS4802
/vs3829_combined_01.jpg,VS4805
/vs3829_combined_01.jpg,VS3830
/vs3829_combined_01.jpg,VS4846
,WR3879
,WR3880
,WR3881
,WR3882
,WR3883
,WR3884
,WR3885
,CF4875
,CF4903
,CF4876
,RW4859
,RW4895
,RW4860
,RW4896
,RW4861
,RW4897
/cf4879_uv_fiber_optic_sensory_lighting_kit_01.jpg,CF4877
/cf4879_uv_fiber_optic_sensory_lighting_kit_01.jpg,CF4878
/cf4879_uv_fiber_optic_sensory_lighting_kit_01.jpg,CF4879
,EQ1643
,MW4880
/dr4882_funbites_01.jpg;/dr4882_funbites_02.jpg;/dr4882_funbites_03.jpg;/dr4882_funbites_04.jpg;/dr4882_funbites_06.jpg,DR4882
/dr4882_funbites_01.jpg;/dr4882_funbites_02.jpg;/dr4882_funbites_03.jpg;/dr4882_funbites_04.jpg;/dr4882_funbites_06.jpg,DR4883
/dr4882_funbites_01.jpg;/dr4882_funbites_02.jpg;/dr4882_funbites_03.jpg;/dr4882_funbites_04.jpg;/dr4882_funbites_06.jpg,DR4884
,CM4898
,CM4899
,CM4900
,CM4901
,CF4914
,CF4915
,CF4916
,CF4917
,CF4918
/vs4920_single_squeezer_01.jpg;/vs4920_single_squeezer_02.jpg,VS4920
/vs4920_single_squeezer_01.jpg;/vs4920_single_squeezer_02.jpg,VS4921
/Weighted Bl.._01.jpg;/Weighted Bl.._02.jpg,WR1803
,WR1815
,EL3680
,TC1007
,EL1010
,HW2292
,HW1023
,EQ3514
,HW1026
,HW1027
,HW1031
,HW1032
/sq1401_sort_n_shapes1_01.jpg,SQ1401
/MN1037_ZOOB 35_01.jpg,MN1037
,VG1038
,SQ2330
/FirstPops_01.jpg,HS3665
,EQ3593
/66833_01.jpg;/66833_02.jpg;/66833_03.jpg;/66833hand.jpg,MQ1051
,HW4438
,CF4885
/44311-2_lg.jpg,EL1435
,VS4519
,MN1074
/GM2378-cool-cards-combo-pack__01.jpg,GM2378
,VG1076
,EQ3591
,EQ3590
/mq1084_farmstix1_01.jpg,MQ1084
,RW5060
,EQ3589
,EQ3588
,VG1100
,VG1101
,VG1102
,VG1105
,GM1103
/BA2276-air_balancing_board_01.jpg,BA2276
,VS2473
/dz1444_jumbo_grip_02_01.jpg,DZ1444
/dz1445_the_pencil_grip2_01.jpg,DZ1445
/hw1110_triangle_crayon_01_01.jpg;/hw1110_triangle_crayon_01_02.jpg,HW1110
/DZ1111_foam_ridged_grip_01.jpg,RW1111
,EQ3586
/TPG-164.b_1_01.jpg,RW1113
/DZ1114_extremegel_grips_01.jpg,RW1114
/dz1115_solo_grip_12pk1_01.jpg,DZ1115
,SC2566
/GM2230_mad_magnet_match_part-to-whole_01.jpg;/GM2230_mad_magnet_match_part-to-whole_02.jpg,GM2225
,PC1137
,MN1299
,PZ1179
,MN1182
,VS2469
,PZ1188
,PC1200
/ba1884_versatile_tactile_cushion_01.jpg;/ba1884_versatile_tactile_cushion_02.jpg;/ba1884_versatile_tactile_cushion_03.jpg,BA1884
,ST1207
,VS3788
/G_M2230_mad_magnet_match_associations_01.jpg,GM2230
,PC1212
,PC1214
/845009goingtobed_01.jpg,PC1217
,PC1218
,PC1220
,PC1221
,PC1222
,TL1227
,VT3006
,EL1232
/EL1247-saxoflute3_01.jpg;/EL1247-saxoflute3_02.jpg;/EL1247-saxoflute3_03.jpg,EL1247
,EL1248
,EQ3585
,EQ3573
/mp1255_alpha_bug_step_spell1_01.jpg,MP1255
,EL1256
,MN1257
,MQ1259
,EQ3584
/ba2354_seesaw_balance_board-(2)_01.jpg,BA2354
,SR2494
,HW1272
,WR3835
,CR1276
,CR1277
,BA1395
,WR2365
,TC1339
,MN1394
,PR3642
,BA1397
,EQ3582
/Portable_Glider_2.jpg,VS2471
,EQ3581
/GM2230_mad_magnet_match_opposites_01.jpg,GM2232
,AP3686
/EQ3533-see-me-tent_01.jpg,EQ3533
,EL1251
,EQ3580
,VG1324
,HS1325
,AB4488
,RW1330
,EQ3572
/hs1332_snap_n_play_1_01.jpg,HS1332
,MN1333
,EQ3579
/PR4453-GoTalk4PlusLEFTNEW.jpeg_01.jpg,PR4453
,SC1361
,PR4451
/MP2344_excercisemat_01.jpg;/MP2344_excercisemat_02.jpg,MP2344
,EL1370
,EL1371
/TC2342--We-Block-Construction-Tower-Image2_01.jpg,TC2342
,GB4449
,EL1375
,EL1377
,EQ3578
,EQ3577
,EQ3576
,TC3748
,VS2474
,EQ3575
,EQ3574
,SR2508
/mn1391_rapido_01.jpg,MN1391
,MN1393
,KT2394
/VG1400-pattern-play_01.jpg,VG1400
,EQ3571
,EQ3570
,EQ3569
,MN1408
,PR3062
,EQ3531
,EQ3532
/mixed-buddies-1_01.gif;/mixed-buddies-1_02.gif;/mixed-buddies-1_03.gif,PR3644
,CR1415
,CR1417
,CR1418
,EQ3567
,HW2480
,AC1432
,AB2308
,AB2304
/sr2368_stickids1_01.jpg,SR2368
,EQ3565
,AP1447
,HW1449
,RS3639
/HW1459_raised_line_mazes1_01.jpg,HW1459
,EQ3546
,TF1395
,EQ3564
,DZ1473
/AP4524_give_a_flip_01.jpg;/AP4524_give_a_flip_02.jpg;/AP4524_give_a_flip_03.jpg;/AP4524_give_a_flip_04.jpg,AP4524
/gb2240_associations_01.jpg;/gb2240_associations_02.jpg;/gb2240_associations_03.jpg,GB2240
/KC0002---Brick-Me-Image-1_01.jpg;/KC0002---Brick-Me-Image-1_02.jpg;/KC0002---Brick-Me-Image-1_03.jpg;/KC0002---Brick-Me-Image-1_04.jpg,SQ2358
,EQ3561
/HW3661_30_Finger_Crayons_01.jpg,HW3661
,EQ3563
,KT2404
,VG1504
,MQ1510
,KT2400
/zDone_13_01.jpg;/zDone_13_02.jpg,HW2516
/MonkeyBalanceBoard_Boy_01.jpg,BA3687
,MQ1518
,BA1524
/ba1525_circular_balancing_board_01.jpg,BA1525
/pedalwalker1_01.jpg;/pedalwalker1_02.jpg;/pedalwalker1_03.jpg,MP1527
/BA1535_stepping_stones_01_01.jpg;/BA1535_stepping_stones_01_02.jpg,BA1535
/ba1536_rung_way1_01.jpg,BA1536
/KT2001-00C-sand-and-water-table-6_01.jpg;/KT2001-00C-sand-and-water-table-6_02.jpg;/KT2001-00C-sand-and-water-table-6_03.jpg,TC1540
/ba1541_octagon_blocks_01.jpg;/ba1541_octagon_blocks_02.jpg;/ba1541_octagon_blocks_03.jpg,BA1541
,VG1542
,VG1543
/M6001-2.jpg,EQ1546
,BA1549
,VS1552
,BL1560
,BL1562
,BL1563
,AP1564
,AP1566
,VG1568
,VG1569
,EL1571
,VS2477
,EQ3562
,EL1575
,HW1580
,HW1582
,EL1520
,EQ1590
,EQ1593
,EQ1594
,EQ1599
,EQ1600
,EQ1603
,EQ1605
,WR4360
,EQ1614
,EQ1615
,EQ1307
,EQ1617
,BA1647
,EQ1716
/GO4391_bite_band_main_01.jpg;/GO4391_bite_band_main_02.jpg;/GO4391_bite_band_main_03.jpg,GO4391
,MN1292
/fold_n_go_01.jpg,VS1714
,KT2402
,EL1778
,MQ1735
,CF4902
,TC4295
,EQ1770
/squashblox-builder-set-main_01.jpg;/squashblox-builder-set-main_02.jpg;/squashblox-builder-set-main_03.jpg,EQ1772
,EQ1773
,EQ1775
,HW1777
/BL1879_Tactile_Sensory_Ball_boy_01.jpg;/BL1879_Tactile_Sensory_Ball_boy_02.jpg;/BL1879_Tactile_Sensory_Ball_boy_03.jpg,BL1879
/BA1880-dynamic_seating_cushion_active2__01.jpg;/BA1880-dynamic_seating_cushion_active2__02.jpg;/BA1880-dynamic_seating_cushion_active2__03.jpg,BA1880
/BA1882-Tactile_Inflatable_Cushion_Active__01.jpg,BA1882
/BA1881-Spiky_Tactile_Cushion_Active__01.jpg;/BA1881-Spiky_Tactile_Cushion_Active__02.jpg,BA1881
,PZ1331
,EQ3560
,TC4361
,BL1850
/hw1787_weighte_pen_01.jpg,HW1787
,BA2274
/hw2221_fine_motor_workbook_01.jpg;/hw2221_fine_motor_workbook_02.jpg,HW2221
,AB1797
,VS2468
,EQ3559
,AB1903
,LS3180
,EQ3558
,EQ3557
,EQ3556
,EQ3555
/PR4454-GoTalk9PlusB.jpeg_01.jpg,PR4454
,KT2410
,HK3985
,EQ3554
,HW2464
,AB1924
/dz1925_crossover_grip_01_01.jpg;/dz1925_crossover_grip_01_02.jpg,DZ1925
,PR3360
,EQ3553
,KT2396
,EQ3552
/TC1155-playfoam_01.jpg,TC1155
,WR2320
,EQ3551
,EQ3550
,TC1009
,VS1988
,EQ3549
,EQ3548
,GO1053
/gb2238_cool_cards_part_to_whole__01.jpg;/gb2238_cool_cards_part_to_whole__02.jpg,GB2238
,EQ3547
,WR2370
,PC1196
,PC1197
,PC1199
,EL1233
/G02151-10-SuperSkipper-kidsblur_01.jpg;/G02151-10-SuperSkipper-kidsblur_02.jpg;/G02151-10-SuperSkipper-kidsblur_03.jpg;/G02151-10-SuperSkipper-kidsblur_04.jpg,MP1234
,MN1240
,BA3426
,HW4330
,VG2300
,HW2284
,EQ3545
,EQ3511
,HW1354
,HW4669
,VG1405
,EQ3544
,HW1428
/0494TakeAlongToolkit_01.jpg,MN1287
/MP1528--Twin-Walker1_01.jpg;/MP1528--Twin-Walker1_02.jpg,MP1528
,GO2121
,PZ1289
/ba2550_ultimate_balance_board0_01.jpg,BA2550
,MN2520
/PR4455-GoTalk20PlusA.jpeg_01.jpg,PR4455
,PR3066
,HW2452
,AB4487
/Slice_and_Bake_Cookie_Set_01.jpg,MN2526
,SC2562
/OctoPaddles_action_cat-_GROSS_MOTOR-scooters_both_01.jpg,SC2560
,SC2564
/pencil_grip_neon_01.jpg,HW2514
,VT3010
,PR3058
,PR3376
/GO4506_Chewy-Straws_02_01.jpg;/GO4506_Chewy-Straws_02_02.jpg,GO4506
/PR3286-learn-to-respond-appropriately-cards_01.jpg,PR3286
/class-champ_01.jpg;/class-champ_02.jpg,VS3949
,AT3394
,PR3048
,MP2546
,VS4520
,DR1223
,VG2298
/pc4069_zatswho_photo_flashcard_game_01_01.jpg,PC4069
,HK3986
,EQ3543
,SP1471
,DZ1472
,MQ1480
/GO1618_arks_probe_01.jpg,GO6009
,MQ1620
,MQ1621
,GO1622
,EQ3542
,GO1624
,GO1728
,GO1729
,GO1730
,VS4554
/VS4553_vlf_01.jpg;/VS4553_vlf_02.jpg;/VS4553_vlf_03.jpg;/VS4553_vlf_04.jpg,VS4553
/gb2242_cool_cards_opposites1_01.jpg;/gb2242_cool_cards_opposites1_02.jpg,GB2242
,GO1767
/Floam_ADGroup_6.jpg,TC4578
,VS2479
,PR3054
/EQ3510_sensory-play_house_01.jpg,EQ3510
,EQ3541
,SQ1935
,EQ3509
,EL1933
,GO5940
,GO2119
,GO2118
,GO2117
,GO2116
,SC1438
,GO2106
,GB2071
,GB2070
,GB2069
,AP3430
/AP3428_Gears_03_01.jpg;/AP3428_Gears_03_02.jpg,AP3428
/gluten_free_cookies-cat-same_as_brownies (1).jpg,GF2596
,EQ3508
,BL2058
,EL2314
,EQ3507
,HW2027
,EQ3520
,MG2046
,MG2043
,HW2165
,EQ3504
,KT2408
,EL1231
,EQ3501
,MP2013
,EL2322
/PR3060_social_skills_board_games_01.jpg,PR3060
/TC2388_We_Block_Tactile_Cube_Image_2_01.jpg,TC2338
,HW2029
,EX3390
,EL2055
,EL2053
,EQ2037
,HW2018
,VS1991
,BA2272
,BA2004
,EQ3592
/VS1987_the_top_01_01.jpg,VS1987
,BA2001
,BA2000
/ba1999_Island2_01.jpg,BA1999
,BA1998
/river-set-6_01.jpg;/river-set-6_02.jpg,BA1997
/BA1996_hilltop_01.jpg,BA1996
/BA1995_Big_Foot_Stilts_01_01.jpg,BA1995
,BA1994
/balancing_plastic_hemispheres_01_01.jpg,BA1993
,BA1992
,VS1986
,TC1985
,TC1984
/TC1984_Tactdisks_01.jpg;/TC1984_Tactdisks_02.jpg,TC1983
,KT2406
/GM2224_language_memory_matching_game_01.jpg,GM2224
,FD2056
,HS1265
,VS3676
,VS2470
,EQ3524
,EL1963
,EL1960
,EL1957
,BA2548
/pr3046_how_do_i_feel1_01.jpg,PR3046
,BA3424
,EX3190
,EL1954
,EL1953
,GM2376
/vs1949_chilly_swing_seat1_01.jpg,VS1949
,EQ3512
,EQ3513
,AP1944
,VG1945
,AP3690
,SC1358
,GO2127
,GO2128
/go2138_cip_kup_assembly_04_01.jpg,GO2138
,GO2141
,EQ3536
,VS3948
/HW2512_the_pencil_grip_01.jpg,HW2512
/eq2174_rainbow_riverstones5_01.jpg;/eq2174_rainbow_riverstones5_02.jpg,EQ2174
/BA2352_Seesaw_balance_board_01.jpg,BA2352
/EQ2182_sensory_tactile_mat_01.jpg;/EQ2182_sensory_tactile_mat_02.jpg;/EQ2182_sensory_tactile_mat_03.jpg;/EQ2182_sensory_tactile_mat_04.jpg,Eq2182
/eq2138_step_challenge1_01.jpg;/eq2138_step_challenge1_02.jpg;/eq2138_step_challenge1_03.jpg;/eq2138_step_challenge1_04.jpg,EQ2183
,DR2187
,MS3706
,EQ2180
/BA2181_Tai_Chi_Board_Large_02_01.jpg,BA2181
,EX3170
,GO2139
,FD1977
/snap_bags_01.jpg,WR2318
,EQ2246
/TC2340_We_Block_Reflector_Cube_Image_2_01.jpg;/TC2340_We_Block_Reflector_Cube_Image_2_02.jpg,TC2340
,GM2215
/GM2208-saddle-scooter-active_01.jpg,MW5684
/foam-scooter-variety-3-pack_b_01.jpg,GM2244
,GB2234
/HW2220-favorite-travel-kit-color-draw-write_01.jpg;/HW2220-favorite-travel-kit-color-draw-write_02.jpg,HW2220
,WR2482
,EX3382
,VG1426
,EQ3566
,EX3378
,EX3188
,MP2012
,EX3186
,LS3182
,EL1252
,GB1704
,EX3380
/iris_switchbox_overlays.jpg,EX3172
,EX3184
,SR2496
,DR2390
,GB2149
,GB2066
,GB2065
/hw3662_farm_finger_crayons_01.jpg,HW3662
,GB2157
,GB2067
,GB2151
,GB2147
/time_timer_watch_01.jpg,GB2075
,HW3656
,GB2155
/dz1787_mini_grip_12_pack1_01.jpg,DZ1787
,GB1693
,GO3980
,GB1708
,GB1637
,GB1689
,GB1690
,GB1692
,GB1687
,GB1701
,GB1700
,GB1686
,GB1788
,GB1642
,GB1699
,GB1694
,GB1713
,GB1688
/vs1532_platform_swing_01.jpg;/vs1532_platform_swing_02.jpg,VS1532
,GB1696
,GB1685
,GB1697
,GB1711
,GB1639
,GB1638
,GB1703
,GB1709
,EQ3515
/faucet_light_pkg_01.jpg;/faucet_light_pkg_02.jpg,GB2052
,GM1225
,ST3026
,EQ3587
/PR3284-understanding-emotions-cards_01.jpg,PR3284
,PR3052
,PR3050
,SR2510
,TK3414
,TK3416
,TK3418
,TK3420
/ED3296_explorer_ring_01.jpg,ED3296
,HW2518
/16in_scooter_01.jpg,GM2206
/hw2412_stix_alphabet1_01.jpg,HW2412
,EQ3453
/EQ2177_connector2_01.jpg,EQ2177
/ladybug-club-house-liveshot.jpg,EQ3517
,GB2158
,EQ3516
,EQ3595
,EQ3596
,EQ3597
,EQ3598
,FD3560
/TC3675_Wilbarger_Therapy_Brush_1_01.jpg,TC3675
/lp1312_mini_tongs1_01.jpg,LP1312
,HS3666
,TC4314
/SuperParachuteParty_01.jpg,AP3691
,DZ1470
,HW3652
,FD3637
,RS3638
/HS3660_Textured_pop_beads_01.jpg,HS3660
,HW3658
,HW4588
,MS3950
,PR3640
,PR3641
,PR3649
/swaing-bridge1_01.jpg,VS3951
/Class-Champ_01.gif;/Class-Champ_02.gif,VS3952
/Rock-Wall_01.gif,VS3953
,VS3954
,HW3655
,BA3694
/Sticker Machine_01.jpg,CR3664
,PR3643
/PrismBlocks_01.jpg,LB3717
/EL3681_Touch_and_Feel_Flash_Cards_ABC_01.jpg,EL3681
,EL3682
,EL3683
/SeeThruStories_01.jpg,LN3715
/sc3663_ready_set_cut_02_01.jpg,SC3663
,PR3645
/MN3667_button_art_1_01.jpg;/MN3667_button_art_1_02.jpg;/MN3667_button_art_1_03.jpg,MN3667
,MS3711
,MS3712
,HW3654
,WR3836
,MS3698
/SensoryParenting Hi-res.jpg,RS3745
,MS3707
,MS3709
,MS3710
,MS3708
,FD3761
,HW4440
,PR3646
,LN3716
,VS3767
/Rotary-Platform-Swing_0_01.gif;/Rotary-Platform-Swing_0_02.gif;/Rotary-Platform-Swing_0_03.gif,VS3768
,VS3789
,WR3435
/pr3721_guess_how_i_feel.jpg_01.jpg;/pr3721_guess_how_i_feel.jpg_02.jpg,PR3721
/WR3746-Rocketship_resistance_tunnel_active_01.jpg;/WR3746-Rocketship_resistance_tunnel_active_02.jpg;/WR3746-Rocketship_resistance_tunnel_active_03.jpg,WR3746
/EL3791_Nesting_Benches_1_01.jpg,EL3791
,HW4439
,TC3749
,TC3751
/SensoryGelMat_01.jpg,TC3747
,TC3750
,FD3636
/tc4376_squigglet6_01.jpg;/tc4376_squigglet6_02.jpg,CF5691
,TC5887
,VS3679
,PR3648
/PR3647-responsibility-check-list-for-school_01.jpg,PR3647
,TC3819
,PZ3820
,PZ3821
/ppz3821_perplexus_rookie_active_01.jpg;/ppz3821_perplexus_rookie_active_02.jpg;/ppz3821_perplexus_rookie_active_03.jpg;/ppz3821_perplexus_rookie_active_04.jpg;/ppz3821_perplexus_rookie_active_05.jpg,PZ3818
/MQ1034-pop-tubes_01.jpg,MQ1034
,GM1979
,TC4320
,BT3839
,EX3840
,ST3971
,ST3974
,ST3975
,ST3976
/sr4004_b-calm_gp_new_01.jpg,SR4004
/wr4068_study_carrel1_01.jpg,WR4068
/el4070_sensationa_alphabet_book_01.jpg;/el4070_sensationa_alphabet_book_02.jpg;/el4070_sensationa_alphabet_book_03.jpg,EL4070
/EL4071_alphabet_cards_box_01.jpg,EL4071
/slc_dvd_case_front_01.gif;/slc_dvd_case_front_02.gif;/slc_dvd_case_front_04.gif,PR4243
,SR4290
,PR4452
,PR4242
,HW4331
/164W-PinbalPainter1_01.jpg,CT3987
,MN4340
/CAC16-4_Model_01.jpg;/CAC16-4_Model_02.jpg,VS4147
/tc4296_screw_block_01.jpg,TC4296
,TC4297
/vs4245_snuggums_01.jpg;/vs4245_snuggums_02.jpg,RS4336
,TC4298
,TC4299
,GB4413
,TC4303
,TC4304
,TC4309
,TC4310
,TC4311
,EQ4006
,TC4321
,TC4322
/TC4323_One_to_Four_Sorter_active4_01.jpg,TC4323
,GB4355
,GB4356
,TC4324
,TC4325
,TC4326
/tc4327_block-cart_1_01.jpg,TC4327
/TC4328_Mini_Hollow_Blocks_01.jpg,TC4328
,TC4329
/962-MagicBubbleArt-2_01.jpg,CR3995
,GO4010
,GB4125
,GB4126
/TT-mini_01.jpg,GB4127
,EQ4026
/prodei2845_dt_01.jpg,GM4027
/yookidoo-discovery-playhouse_01.jpg;/yookidoo-discovery-playhouse_02.jpg;/yookidoo-discovery-playhouse_03.jpg;/yookidoo-discovery-playhouse_04.jpg,EQ4038
/pig-fire-popper_01.jpg;/pig-fire-popper_02.jpg,TC4109
/cr3993_splash_art_01.jpg,CR3993
/space_monkey_01.jpg,MN4114
,CR3994
,EQ4035
,LN4082
,AP4120
/96023kids-3_01.jpg;/96023kids-3_02.jpg,EQ4141
,GO4012
/pr4165_funny_faces_01.jpg;/pr4165_funny_faces_02.jpg,PR4165
,PR4168
,VG4208
,VG4223
/bluefilter_01.jpg,VG4227
/GM4230_fropper_02_01.jpg,GM4230
/EQ4036_bean_bag_bellies_monkey_01.jpg;/EQ4036_bean_bag_bellies_monkey_02.jpg,EQ4036
,TC4007
,GB4009
,EQ1717
/GM4039-Action-Alphabet-frntCvr_01.jpg,GM4039
,EL4008
,VS4064
/balancing-clouds2_01.jpg,BA4002
,VS4065
,VS4066
,VS4067
,EQ4075
,RS4132
,GM4042
,SC4133
,EQ4134
/eq4137_explorer_dome_small_01.jpg,EQ4137
,EQ4138
,EQ4142
,EQ4144
/eq4143_lily_the_ladybug_01.jpg,EQ4143
,EQ4146
,EQ4145
,AP4044
/Alphabet Matcher_01.jpg;/Alphabet Matcher_02.jpg;/Alphabet Matcher_03.jpg,GM4040
/Storystarter9219_01.jpg;/Storystarter9219_02.jpg,GM4041
,VS4060
,VS4059
,VS4058
,VS4073
,BA3999
,BA3996
,EQ4136
,VS4076
,VS4078
,VS4077
/EQ4228-tolo-first-friends-train-set-2_01.jpg;/EQ4228-tolo-first-friends-train-set-2_02.jpg,EQ4228
/pastel-tegu-active_01.jpg;/pastel-tegu-active_02.jpg,MN4116
,EQ4081
,GB1733
,VG4078
/hw4043_rascal_active_01.jpg,HW4043
/Matrix_01.jpg,VG4225
/gm4005_going_on-a-train_01.jpg,GM4005
,GB4410
/portable_toy_and_sandbox_02_01.jpg;/portable_toy_and_sandbox_02_02.jpg,TC4106
,TC4107
/craft_studio_TC4108_01.jpg,TC4108
/HW4414_sound_proof_kit_01.jpg,HW4414
/HW4415_sounds_to_learn_by1_01.jpg,HW4415
/hw4416_concentration_station1_01.jpg,HW4416
/hw4417_move....kit1_01.jpg,HW4417
/hw4418_too_cool_tween_hmwk_kit1_01.jpg,HW4418
,MN4087
/MN4088_Mix_Slime__01.jpg,MN4088
/twisterzA3_01.jpg;/twisterzA3_02.jpg;/twisterzA3_03.jpg,MN4089
/Takos_01.jpg;/Takos_02.jpg;/Takos_03.jpg,MN4090
/twist-and-drill-active_01.jpg,MN4117
/706W-MySandBox2_01.jpg,TC4119
/full-set-hr_01.jpg;/full-set-hr_02.jpg,PR4122
/Big-Star-Chrt2.gif,ST4123
/growing-up-Chrt_01.gif,ST4124
,RS4128
,RS4130
,VS4420
/1475-BalancingBaker2_01.jpg,EQ4206
,VG4209
,EQ4170
,GB4344
,GB4404
/KP4002-Balance-Arch-Full-Circle-2_01.jpg,BA4000
/squeezy-friends_01.jpg;/squeezy-friends_02.jpg;/squeezy-friends_03.jpg,TC4379
,DZ4375
,DZ4374
/social-emotion-game_01.jpg;/social-emotion-game_02.jpg,PR3822
,DZ4380
,VS4160
,PR4167
,PR4393
/KP4002-002-Balance-Arch-Half-Circle-4_01.jpg;/KP4002-002-Balance-Arch-Half-Circle-4_02.jpg;/KP4002-002-Balance-Arch-Half-Circle-4_03.jpg,BA4001
/1492-LearnToDressMonkey2_01.jpg,DR4037
,PR4169
/MN4426-knot-smile-cuddle-active.jpeg_01.jpg,MN4426
/MN4427-stretchy-puppy-1.jpeg_01.jpg,MN4427
/MN4428-strechy-sandwich-2.jpeg_01.jpg;/MN4428-strechy-sandwich-2.jpeg_02.jpg,MN4428
,MN4429
,HW4437
,HW4500
,HW4501
,HW4502
,HW4503
,HW4504
,HW4505
,GB4450
,BL4397
,GB4490
,GB4491
,GB4493
,GB4494
,GB4495
,GB4496
,GB4497
,GB4498
,GB4499
/bucket-of-beads_EL1973_01.jpg,EL1973
,SQ1041
,GB4532
,GB4533
/GB4534_Chester_Classmate_Trio_01.jpg;/GB4534_Chester_Classmate_Trio_02.jpg;/GB4534_Chester_Classmate_Trio_03.jpg,GB4534
,GB4535
,GB2096
/pr4536_emotionfan_01.jpg,PR4536
/gm4537_picture_cards1_01.jpg,GM4537
/gm4538_lango_learn_01_01.jpg,GM4538
,GM4539
,FD4569
/GM4570_Reading_Focus_Card_01.jpg;/GM4570_Reading_Focus_Card_02.jpg,GM4570
,MW4590
/CF4583_Heavy_Herbert10_01.jpg,CF4583
/CF4592_desktop_carrel_01.jpg,CF4592
,RW4603
,RW4604
,RW4890
,SC4546
,SC4547
,VS4555
,VS4556
,CF4597
,CF4598
,CF4599
,CF4600
,MW4629
/sp4669_super_snow_01.jpg,SP4668
/sp4664_silly_squares_combined_01.jpg;/sp4664_silly_squares_combined_02.jpg;/sp4664_silly_squares_combined_03.jpg;/sp4664_silly_squares_combined_04.jpg,SP4663
/sp4665_slippery_spheres_combined_01.jpg;/sp4665_slippery_spheres_combined_02.jpg;/sp4665_slippery_spheres_combined_03.jpg;/sp4665_slippery_spheres_combined_04.jpg,SP4664
,RW4670
,RW4671
,RW4672
,CF4673
,MW4674
,SP4675
,SP4680
,CF4681
,CF4682
,CF4685
/sp4707_loop_n_learn_1_01.jpg;/sp4707_loop_n_learn_1_02.jpg,SP4707
/sp4762_spin_disk1_01.jpg;/sp4762_spin_disk1_02.jpg;/sp4762_spin_disk1_03.jpg,SP4762
,MW4662
/mw4744_flyer_golf1_01.jpg,MW4744
,MW4745
,MW4746
/HW4628_ergo-rite_computer_01.jpg;/HW4628_ergo-rite_computer_02.jpg,RW4628
,MW4747
,MW4750
/mw4751_juggle_ball_set_with_case1_01.jpg,MW4751
,MW4752
,CM4743
,CM4727
,RW4797
,SP4703
,SP4704
/sp4706_finger_paint_tray1_01.jpg,SP4705
/sp4708_giant_weaving_loom_01.jpg,SP4708
,SP4706
,MW4709
/sp4710_talking_tubes_01.jpg,SM4710
/rw4759_basic_shapes_numbers_combined_labeled_01.jpg;/rw4759_basic_shapes_numbers_combined_labeled_02.jpg,RW4794
,RW4728
/rw4760_manuscript_uppercase_lowercase_combined_labeled_01.jpg;/rw4760_manuscript_uppercase_lowercase_combined_labeled_02.jpg,RW4795
,RW4729
/rw4761_cursive_combined_labeled_01.jpg;/rw4761_cursive_combined_labeled_02.jpg,RW4796
,CM4730
,CF4763
,CF4764
,CF4765
,CF4766
,RW4731
/SP4610_Ball-Pit10_01.jpg;/SP4610_Ball-Pit10_02.jpg;/SP4610_Ball-Pit10_04.jpg,SP4610
,RW4732
/mushy_smushy1_CF4584_01.jpg;/mushy_smushy1_CF4584_02.jpg,CF4584
/cf4634_spaghetti_fidget_01.jpg;/cf4634_spaghetti_fidget_02.jpg,CF4634
,MQ4774
/cf4507_pencil_jaws4_01.jpg;/cf4507_pencil_jaws4_02.jpg,CF4507
/cf4617_gnaw_straws7_01.jpg;/cf4617_gnaw_straws7_02.jpg,CF4617
,RW4734
/sp4530_t_stool_rocker6_01.jpg,SP4530
/cf4525_rockin_rocker3_01.jpg,CF4525
,SP4618
/sp4624_2x6_ceiling_beam_swing-susp1_01.jpg;/sp4624_2x6_ceiling_beam_swing-susp1_02.jpg,SP4624
/rw4733_Set_of_Uppercase_Lowercase_Sandpaper_combined_01.jpg;/rw4733_Set_of_Uppercase_Lowercase_Sandpaper_combined_02.jpg,RW4733
/vs4611_baby_bolter_6_01.jpg;/vs4611_baby_bolter_6_02.jpg;/vs4611_baby_bolter_6_03.jpg;/vs4611_baby_bolter_6_04.jpg,SP4660
/sp4628_up_down_swing3_01.jpg,SP4628
/vs4620_mesh_therapy_netswing1_01.jpg,VS4620
,CF4612
/CF4625_Air-Lite-Rocking-Raft11_01.jpg;/CF4625_Air-Lite-Rocking-Raft11_02.jpg;/CF4625_Air-Lite-Rocking-Raft11_03.jpg,CF4625
,CF4637
,VS4626
,RW4911
/cf4978_today_i_ate_a_rainbow_kit.jpg,CF4798
/rw4529_book_stand_holder2_01.jpg;/rw4529_book_stand_holder2_02.jpg,RW4529
,CF4799
/Hairy-Tangle1_01.jpg;/Hairy-Tangle1_02.jpg,SP4888
,SP4769
/MQ4774_gel_fidget_01.jpg,SP4775
,MW4778
,RW4781
/rw4782_wall_mounted_barn_lock_box_models_01.jpg,RW4782
,RW4753
,RW4754
,RW4755
,RW4756
/sp4664_slippery_spheres_combined_01.jpg;/sp4664_slippery_spheres_combined_02.jpg;/sp4664_slippery_spheres_combined_03.jpg;/sp4664_slippery_spheres_combined_04.jpg,SP4838
/rw4757_combined_01.jpg;/rw4757_combined_02.jpg;/rw4757_combined_03.jpg;/rw4757_combined_04.jpg,RW4757
,RW4758
/Combined_01.jpg,CF4828
,MW4927
/cf4874_lil_shopper_portable_seat_cushion_01.jpg;/cf4874_lil_shopper_portable_seat_cushion_02.jpg;/cf4874_lil_shopper_portable_seat_cushion_03.jpg,CF4874
,EQ4772
/cf4930_gel_hand1_01.jpg,CF4930
,MW4843
/sp4830__toobersandzots_Silo1_cutout_01.jpg;/sp4830__toobersandzots_Silo1_cutout_02.jpg;/sp4830__toobersandzots_Silo1_cutout_03.jpg,SP4830
,MW4840
,MW4841
/mw4863_floor_surfer1_01.jpg;/mw4863_floor_surfer1_02.jpg,MW4863
,SP4831
,SP4833
,SP4832
,CF4834
,CF4835
,CM4837
,RW4851
,RW4852
,RW4584
,MW4864
,MW4865
,MW4867
,BA1640
,MW4870
,MW4871
,RW4908
,RW4889
,MW4904
,CM4906
/cm4907_dry_erase_sheets_01.jpg,CM4907
,SP4862
,CF4806
,RW4912
,RW4913
/mw4922_cando_scented_01.jpg,MW4922
,CM4923
,CM4924
/cf4929_digi_squeeze_01.jpg,CF4929
/Half-Round-Foam-roller1_01.jpg;/Half-Round-Foam-roller1_02.jpg,MW4931
,VS4925
,RW4932
/blue_weighted_vest_01.gif,WR1809P
/bean-bags-combo_01.jpg;/bean-bags-combo_02.jpg;/bean-bags-combo_02.jpg,TC1801P
/wr1820_weighted_lap_pad_nocover.jpg;/wr1820_weighted_lap_pad_nocover_01.jpg;/wr1820_weighted_lap_pad_nocover_01.jpg,WR1821P
,WR1840P
/tc1005_wikki_stix2_01.jpg;/tc1005_wikki_stix2_02.jpg;/tc1005_wikki_stix2_03.jpg;/tc1005_wikki_stix2_02.jpg;/tc1005_wikki_stix2_03.jpg,TC1005P
,SC1359P
,SC1362P
,SC1364P
/greengrottoHR_01.jpg,MQ1424P
/vs1531_round_pull_scooter_board_large2_white.jpg;/vs1531_round_pull_scooter_board_large2_white.jpg;/vs1531_round_pull_scooter_board_large2_white.jpg;/vs1531_round_pull_scooter_board_large2_white.jpg;/vs1531_round_pull_scooter_board_large2_white.jpg;/vs15,VS1526P
/BA1529_handheld_rotator_board_Large_1_01.jpg;/BA1529_handheld_rotator_board_Large_1_02.jpg;/BA1529_handheld_rotator_board_Large_1_02.jpg,BA1529P
/ba1538_tactile_path_1_01.jpg;/ba1538_tactile_path_1_02.jpg;/ba1538_tactile_path_1_03.jpg;/ba1538_tactile_path_1_02.jpg;/ba1538_tactile_path_1_03.jpg,BA1538P
/combined-2_01.jpg;/combined-2_02.jpg;/combined-2_03.jpg;/combined-2_04.jpg;/combined-2_05.jpg;/combined-2_06.jpg;/combined-2_07.jpg;/combined-2_02.jpg;/combined-2_03.jpg;/combined-2_04.jpg;/combined-2_05.jpg;/combined-2_06.jpg;/combined-2_07.jpg,MP1544P
,WR1555P
,GM2200P
/chairball_web_1_01.jpg,BL1648P
,MQ1644P
,MQ1645P
,TC1650P
/wr1675_theraband1_02.jpg,WR1675P
/wr1675_theraband1_02.jpg,WR1756P
/wr1675_theraband1.jpg;/wr1675_theraband1_02.jpg;/wr1675_theraband1_02.jpg,WR1680P
,MQ1731P
,EQ1743P
,FD1779P
/BigBallsImage_001_01.jpg;/BigBallsImage_001_02.jpg;/BigBallsImage_001_02.jpg,BL1867P
/Hopper-Balls_1_01.jpg;/Hopper-Balls_1_02.jpg;/Hopper-Balls_1_02.jpg,BL1876P
,BL1872P
/BA2483-dynamic_wedge_cushion_active__01.jpg;/BA2483-dynamic_wedge_cushion_active__02.jpg;/BA2483-dynamic_wedge_cushion_active__03.jpg;/BA2483-dynamic_wedge_cushion_active__04.jpg;/BA2483-dynamic_wedge_cushion_active__05.jpg;/BA2483-dynamic_wedge_cushion_,BA1883P
/pop_fish_active_01.jpg;/pop_fish_active_02.jpg;/pop_fish_active_03.jpg;/pop_fish_active_02.jpg;/pop_fish_active_03.jpg,TC4421P
/gm2170_balancing_bilibo_active_01.jpg;/gm2170_balancing_bilibo_active_02.jpg;/gm2170_balancing_bilibo_active_03.jpg;/gm2170_balancing_bilibo_active_02.jpg;/gm2170_balancing_bilibo_active_03.jpg,GM2169P
,HW2022P
/PGH1216_01.jpg,GM2204P
,GO2130P
/eq2176_wavy_tactile_path_green_01.jpg;/eq2176_wavy_tactile_path_green_02.jpg;/eq2176_wavy_tactile_path_green_02.jpg,EQ2175P
/MP2006-space-explorer_01.jpg,MP2006P
,VS1989P
,EQ2236P
,EQ2248P
/foam_tummy_scooter_01.gif,MW5686P
,VS2472P
/Blue_weighted_fleece_vest2_01.jpg;/Blue_weighted_fleece_vest2_02.jpg;/Blue_weighted_fleece_vest2_03.jpg;/Blue_weighted_fleece_vest2_02.jpg;/Blue_weighted_fleece_vest2_03.jpg,WR3004P
,GB2094P
,GB1096P
,BT3000P
,EX3300P
/ba3728_bobles_elephant_purple_active_01.jpg;/ba3728_bobles_elephant_purple_active_02.jpg;/ba3728_bobles_elephant_purple_active_03.jpg;/ba3728_bobles_elephant_purple_active_02.jpg;/ba3728_bobles_elephant_purple_active_03.jpg,BA2536P
,BA2534P
/worm_01.jpg;/worm_02.jpg;/worm_03.jpg;/worm_02.jpg;/worm_03.jpg,BA2542P
/BA3725-bobles-fish-active_01.jpg;/BA3725-bobles-fish-active_02.jpg;/BA3725-bobles-fish-active_03.jpg;/BA3725-bobles-fish-active_02.jpg;/BA3725-bobles-fish-active_03.jpg,BA2538P
,AT3408P
/go1764_chewtubes_blue_01.jpg;/go1764_chewtubes_blue_02.jpg;/go1764_chewtubes_blue_03.jpg;/go1764_chewtubes_blue_02.jpg;/go1764_chewtubes_blue_03.jpg,GO1764P
,VT3002P
/dinotee_active_01.jpg,WR3160P
,WR3071P
,WR3076P
,AT3398P
/sr2490_earmuffs_active_01.jpg;/sr2490_earmuffs_active_02.jpg;/sr2490_earmuffs_active_02.jpg,SR2490P
,SR2504P
,WR3157P
,PR3346P
,SC2568P
,AT3402P
,AT3404P
,AP3434P
/plainbluetee_01.jpg,WR3150P
/plain-white-tee_01.jpg,WR3066P
,MN2522P
/connect-a-scooter_01.jpg,SC2552P disabled
/vs2498_howdahug_01.jpg;/vs2498_howdahug_02.jpg;/vs2498_howdahug_02.jpg,VS2498P
/EQ3521_rounded_me_sit_ups_01.jpg,EQ3521P
/EQ3529_Momma_and_Baby_Inchworm_1_01.jpg,EQ3529P
/bl3854_peanutballs_cutout_01.jpg;/bl3854_peanutballs_cutout_02.jpg;/bl3854_peanutballs_cutout_03.jpg;/bl3854_peanutballs_cutout_04.jpg;/bl3854_peanutballs_cutout_05.jpg;/bl3854_peanutballs_cutout_06.jpg;/bl3854_peanutballs_cutout_07.jpg;/bl3854_peanutbal,BL1875P
/BK3444_by_kids_only_hibiscus_shirt_01_01.jpg;/BK3444_by_kids_only_hibiscus_shirt_01_02.jpg;/BK3444_by_kids_only_hibiscus_shirt_01_03.jpg;/BK3444_by_kids_only_hibiscus_shirt_01_02.jpg;/BK3444_by_kids_only_hibiscus_shirt_01_03.jpg,BK3444P
,BK3442P
,EQ3534P
,EQ3505P
,EQ3537P
,EQ3539P
,WR3493P
/navy_short_active.jpg;/navy_short_active_01.jpg;/navy_short_active_01.jpg,WR3513P
,AP3688P
,WR3479P
/animal-massagers_01.jpg,TC3601P
/BA3795-bobles-fish-active_01.jpg;/BA3795-bobles-fish-active_02.jpg;/BA3795-bobles-fish-active_03.jpg;/BA3795-bobles-fish-active_02.jpg;/BA3795-bobles-fish-active_03.jpg,BA3795P
/Chicken_Turqoise_01.jpg;/Chicken_Turqoise_02.jpg;/Chicken_Turqoise_02.jpg,BA3798P
/limesnake_01.jpg;/limesnake_02.jpg;/limesnake_02.jpg,BA3802P
/4-color-chewie-stems_01.jpg;/4-color-chewie-stems_02.jpg;/4-color-chewie-stems_02.jpg,GO3697P
/Wall Easel_01.jpg,HW3659P
,WR3668P
/leggings_pink_green_01.jpg;/leggings_pink_green_02.jpg;/leggings_pink_green_02.jpg,BK3619P
,BK3785P
/BK3605_pink_green_candy_dress_01.jpg;/BK3605_pink_green_candy_dress_02.jpg;/BK3605_pink_green_candy_dress_02.jpg,BK3609P
/candy_dress_red_pink_01.jpg;/candy_dress_red_pink_02.jpg;/candy_dress_red_pink_03.jpg;/candy_dress_red_pink_02.jpg;/candy_dress_red_pink_03.jpg,BK3612P
/paratrooper-pantsGRAY_01.jpg;/paratrooper-pantsGRAY_02.jpg;/paratrooper-pantsGRAY_02.jpg,BK3779P
/paratrooper-pantsBLUE_01.jpg,BK3774P
/paratrooper-pantsTAN_01.jpg;/paratrooper-pantsTAN_02.jpg;/paratrooper-pantsTAN_02.jpg,BK3769P
,MS3699P
,MS3702P
/trunki-purple_01.jpg;/trunki-purple_02.jpg;/trunki-purple_03.jpg;/trunki-purple_04.jpg;/trunki-purple_05.jpg;/trunki-purple_02.jpg;/trunki-purple_03.jpg;/trunki-purple_04.jpg;/trunki-purple_05.jpg,MP3806P
/VS3766_3_in_1_Indoor_Play_set_1_01.jpg;/VS3766_3_in_1_Indoor_Play_set_1_02.jpg;/VS3766_3_in_1_Indoor_Play_set_1_03.jpg;/VS3766_3_in_1_Indoor_Play_set_1_02.jpg;/VS3766_3_in_1_Indoor_Play_set_1_03.jpg,VS3766P
/chewies_all_01.jpg;/chewies_all_02.jpg;/chewies_all_03.jpg;/chewies_all_04.jpg;/chewies_all_05.jpg;/chewies_all_06.jpg;/chewies_all_07.jpg;/chewies_all_02.jpg;/chewies_all_03.jpg;/chewies_all_04.jpg;/chewies_all_05.jpg;/chewies_all_06.jpg;/chewies_all_07,GO3695P
,VS3684P
/GO3719-super-chews-red_01.jpg,GO3719P
/SpringSwing1_01.jpg,VS3677P
/MP1501_red_plasma_car_01.jpg,MP1501P
/On-the-Go-Swing-combined_01.gif;/On-the-Go-Swing-combined_02.gif;/On-the-Go-Swing-combined_03.gif;/On-the-Go-Swing-combined_04.gif;/On-the-Go-Swing-combined_02.gif;/On-the-Go-Swing-combined_03.gif;/On-the-Go-Swing-combined_04.gif,CF5845P
,LS3841P
/ls3843_fibre_optic_softie_01.jpg;/ls3843_fibre_optic_softie_02.jpg;/ls3843_fibre_optic_softie_02.jpg,LS3843P
,MS3847P
/wr1805_weighted_vest_blue_1_01.jpg,WR1830P
/mb3978_crawlabout_01.jpg,MB3978P
/st3962_first_class_school_chair__01.jpg,ST3962P
,ST4638P
,ST3965P
,ST3967P
,ST3969P
,ST3972P
,VS3958P
/Low-Tone-Picture-with-platform-board-4C_01.gif,CF5851P
/VS4334_wedge_01.jpg;/VS4334_wedge_02.jpg;/VS4334_wedge_03.jpg;/VS4334_wedge_04.jpg;/VS4334_wedge_05.jpg;/VS4334_wedge_02.jpg;/VS4334_wedge_03.jpg;/VS4334_wedge_04.jpg;/VS4334_wedge_05.jpg,VS4244P
/vs4246_cloud_chair_01.jpg;/vs4246_cloud_chair_02.jpg;/vs4246_cloud_chair_03.jpg;/vs4246_cloud_chair_04.jpg;/vs4246_cloud_chair_02.jpg;/vs4246_cloud_chair_03.jpg;/vs4246_cloud_chair_04.jpg,VS4342P
/pr4238_daily_routines_sets_01.jpg;/pr4238_daily_routines_sets_02.jpg;/pr4238_daily_routines_sets_02.jpg,PR4238P
/social-skills-set11.gif;/social-skills-set_01.gif;/social-skills-set_01.gif,PR4240P
/PR4236_feeling_set_01.jpg;/PR4236_feeling_set_02.jpg;/PR4236_feeling_set_02.jpg,PR4236P
/eq4291_first-toodle-active_01.jpg;/eq4291_first-toodle-active_02.jpg;/eq4291_first-toodle-active_03.jpg;/eq4291_first-toodle-active_04.jpg;/eq4291_first-toodle-active_05.jpg;/eq4291_first-toodle-active_06.jpg;/eq4291_first-toodle-active_02.jpg;/eq4291_fi,EQ4291P
/sand-tray_01.jpg,TC4292P
,TC4305P
,TC4312P
,MP4095P
,TC4315P
,TC4316P
/video_rockers_st4351_01.jpg;/video_rockers_st4351_02.jpg;/video_rockers_st4351_03.jpg;/video_rockers_st4351_04.jpg;/video_rockers_st4351_02.jpg;/video_rockers_st4351_03.jpg;/video_rockers_st4351_04.jpg,ST4351P
/navy_short_active_01.jpg,WR3858P
,WR3872P
/sneaker-sens-ational-hug-tee_1_01.jpg;/sneaker-sens-ational-hug-tee_1_02.jpg;/sneaker-sens-ational-hug-tee_1_02.jpg,WR3901P
,VS4418P
/frillytee_silo_01.jpg;/frillytee_silo_02.jpg;/frillytee_silo_02.jpg,WR3943P
,WR3895P
/navybluelongsleeve_01.jpg,WR4621P
/sens-ational-bow-tie2_01.jpg,WR3929P
/sr3988_sensgard__01.jpg,SR3988P
,HW4045P
,GO4011P disabled
/rockinbowl-3_01.jpg;/rockinbowl-3_02.jpg;/rockinbowl-3_02.jpg,BA4003P
/white_01.jpg,GO4021P
/kazam-combo_01.jpg;/kazam-combo_02.jpg;/kazam-combo_03.jpg;/kazam-combo_04.jpg;/kazam-combo_02.jpg;/kazam-combo_03.jpg;/kazam-combo_04.jpg,GM4231P
,HW4047P
/all-ten-in-order_01.jpg;/all-ten-in-order_02.jpg;/all-ten-in-order_03.jpg;/all-ten-in-order_04.jpg;/all-ten-in-order_05.jpg;/all-ten-in-order_06.jpg;/all-ten-in-order_02.jpg;/all-ten-in-order_03.jpg;/all-ten-in-order_04.jpg;/all-ten-in-order_05.jpg;/all-,TC3982P
/bubber_green_01.jpg;/bubber_green_02.jpg;/bubber_green_03.jpg;/bubber_green_04.jpg;/bubber_green_05.jpg;/bubber_green_02.jpg;/bubber_green_03.jpg;/bubber_green_04.jpg;/bubber_green_05.jpg,TC4093P
/bubber_green_02.jpg;/bubber_green_03.jpg;/bubber_green_04.jpg;/bubber_green_05.jpg;/bubber_green_02.jpg;/bubber_green_03.jpg;/bubber_green_04.jpg;/bubber_green_05.jpg,MN4098P
/arks-catnmous-kit_03.jpg;/arks-catnmous-kit_04.jpg;/arks-catnmous-kit_04.jpg,GO4172P
,GO4183P
,GO4186P
,GO4189P
/EQ4377_all_mats_01.jpg;/EQ4377_all_mats_02.jpg;/EQ4377_all_mats_03.jpg;/EQ4377_all_mats_04.jpg;/EQ4377_all_mats_05.jpg;/EQ4377_all_mats_02.jpg;/EQ4377_all_mats_03.jpg;/EQ4377_all_mats_04.jpg;/EQ4377_all_mats_05.jpg,EQ4135P
/WR4333-heavy-sleeper-main-_01.jpg;/WR4333-heavy-sleeper-main-_02.jpg;/WR4333-heavy-sleeper-main-_03.jpg;/WR4333-heavy-sleeper-main-_02.jpg;/WR4333-heavy-sleeper-main-_03.jpg,WR4257P
/find-me-lap-pad-_01.jpg;/find-me-lap-pad-_02.jpg;/find-me-lap-pad-_03.jpg;/find-me-lap-pad-_02.jpg;/find-me-lap-pad-_03.jpg,WR4271P
/monkey-lap-pad-active_01.jpg;/monkey-lap-pad-active_02.jpg;/monkey-lap-pad-active_02.jpg,WR4268P
,PR4366P
/RS4408_the_mozart_effect_combined_01.jpg;/RS4408_the_mozart_effect_combined_02.jpg;/RS4408_the_mozart_effect_combined_03.jpg;/RS4408_the_mozart_effect_combined_02.jpg;/RS4408_the_mozart_effect_combined_03.jpg,RS4405P
/WR4274-weighted-lap-pad-active_01.jpg;/WR4274-weighted-lap-pad-active_02.jpg;/WR4274-weighted-lap-pad-active_03.jpg;/WR4274-weighted-lap-pad-active_02.jpg;/WR4274-weighted-lap-pad-active_03.jpg,WR4274P
,WR4433P
,ST4430P
,HW4052P
,WR4486P
/GB4581_01.jpg;/GB4581_02.jpg;/GB4581_03.jpg;/GB4581_04.jpg;/GB4581_05.jpg;/GB4581_02.jpg;/GB4581_03.jpg;/GB4581_04.jpg;/GB4581_05.jpg,GB4581P
,GB4489P
,PR3288P
/eq4458_cherry_lounger_chair_01.jpg;/eq4458_cherry_lounger_chair_02.jpg;/eq4458_cherry_lounger_chair_03.jpg;/eq4458_cherry_lounger_chair_04.jpg;/eq4458_cherry_lounger_chair_05.jpg;/eq4458_cherry_lounger_chair_02.jpg;/eq4458_cherry_lounger_chair_03.jpg;/eq,EQ4458P
/eq4465_jaxxjr_grape_01.jpg;/eq4465_jaxxjr_grape_02.jpg;/eq4465_jaxxjr_grape_03.jpg;/eq4465_jaxxjr_grape_04.jpg;/eq4465_jaxxjr_grape_05.jpg;/eq4465_jaxxjr_grape_02.jpg;/eq4465_jaxxjr_grape_03.jpg;/eq4465_jaxxjr_grape_04.jpg;/eq4465_jaxxjr_grape_05.jpg,EQ4462P
/eq4464_blueberry_club_bean_bag_chair_01.jpg;/eq4464_blueberry_club_bean_bag_chair_02.jpg;/eq4464_blueberry_club_bean_bag_chair_03.jpg;/eq4464_blueberry_club_bean_bag_chair_04.jpg;/eq4464_blueberry_club_bean_bag_chair_05.jpg;/eq4464_blueberry_club_bean_ba,EQ4470P
/eq4479_lime_cocoon_bean_bag_chair_01.jpg;/eq4479_lime_cocoon_bean_bag_chair_02.jpg;/eq4479_lime_cocoon_bean_bag_chair_03.jpg;/eq4479_lime_cocoon_bean_bag_chair_02.jpg;/eq4479_lime_cocoon_bean_bag_chair_03.jpg,EQ4479P
/fairy_princess_01.jpg;/fairy_princess_02.jpg;/fairy_princess_02.jpg,DR2216P
/sp4586_sensory_Wwrap_w_child_01.jpg;/sp4586_sensory_Wwrap_w_child_02.jpg;/sp4586_sensory_Wwrap_w_child_02.jpg,SP4586P
/ba4548_3_min_egg4_01.jpg;/ba4548_3_min_egg4_02.jpg;/ba4548_3_min_egg4_03.jpg;/ba4548_3_min_egg4_04.jpg;/ba4548_3_min_egg4_02.jpg;/ba4548_3_min_egg4_03.jpg;/ba4548_3_min_egg4_04.jpg,BA4548P
/go4568_4pack1_01.jpg;/go4568_4pack1_02.jpg;/go4568_4pack1_03.jpg;/go4568_4pack1_02.jpg;/go4568_4pack1_03.jpg,GO4566P
/combined_all_2_01.jpg;/combined_all_2_02.jpg;/combined_all_2_03.jpg;/combined_all_2_04.jpg;/combined_all_2_05.jpg;/combined_all_2_06.jpg;/combined_all_2_07.jpg;/combined_all_2_02.jpg;/combined_all_2_03.jpg;/combined_all_2_04.jpg;/combined_all_2_05.jpg,GO4571P
/climbing_swrings_01_01.jpg;/climbing_swrings_01_02.jpg;/climbing_swrings_01_02.jpg,VS4441P
/VS4444_moving_grooving_01.jpg,VS4444P
/VS4447_ Basket_swring_prime_colors_01.jpg;/VS4447_ Basket_swring_prime_colors_02.jpg;/VS4447_Basket_swring_prime_colors_03.jpg;/VS4447_ Basket_swring_prime_colors_02.jpg;/VS4447_ Basket_swring_prime_colors_03.jpg,VS4446P
,RW4593P
/vs4552_homestand_white_01.jpg,VS4551P
,VS4557P
,VS4559P
,VS4561P
,RW4595P
/sp4666_space_sand_01.jpg,SP4665P
/cando_theraputty_without_black_2_oz_01.jpg;/cando_theraputty_without_black_2_oz_02.jpg;/cando_theraputty_without_black_2_oz_03.jpg;/cando_theraputty_without_black_2_oz_04.jpg;/cando_theraputty_without_black_2_oz_05.jpg;/cando_theraputty_without_black_2_o,MW4640P
/sr4585_yoga_cards1_logo_01.jpg;/sr4585_yoga_cards1_logo_02.jpg;/sr4585_yoga_cards1_logo_02.jpg,SR4585P
/dr4686_seamless_undies_boys_boxer_briefs_01.jpg,DR4686P
/dr4689_seamless_undies_girls_low_rise_boy_cut_style_01.jpg,DR4689P
/mw4711_mobo_mini2_01.jpg;/mw4711_mobo_mini2_02.jpg;/mw4711_mobo_mini2_03.jpg;/mw4711_mobo_mini2_02.jpg;/mw4711_mobo_mini2_03.jpg,MW4711P
/mw4713_mobo_mobito_active3_01.jpg;/mw4713_mobo_mobito_active3_02.jpg;/mw4713_mobo_mobito_active3_03.jpg;/mw4713_mobo_mobito_active3_02.jpg;/mw4713_mobo_mobito_active3_03.jpg,MW4713P
/mw4717_mobo_triton_active1_01.jpg;/mw4717_mobo_triton_active1_02.jpg;/mw4717_mobo_triton_active1_03.jpg;/mw4717_mobo_triton_active1_02.jpg;/mw4717_mobo_triton_active1_03.jpg,MW4717P
/mw47489_bean_bag_poly_01.jpg,MW4748P
,CM4737P
,CF4635P
/cf4735_pink_stars1_01.jpg;/cf4735_pink_stars1_02.jpg;/cf4735_pink_stars1_02.jpg,CF4735P
/wr4516_wr4517_wr4518_pressure_mesh_vest_07_01.jpg;/wr4516_wr4517_wr4518_pressure_mesh_vest_07_02.jpg;/wr4516_wr4517_wr4518_pressure_mesh_vest_07_03.jpg;/wr4516_wr4517_wr4518_pressure_mesh_vest_07_02.jpg;/wr4516_wr4517_wr4518_pressure_mesh_vest_07_03.jpg,WR4516P
/_RW4515_green1_01.jpg,RW4515P
/mw4776_high_rise_step_up_natural12_01.jpg;/mw4776_high_rise_step_up_natural12_02.jpg;/mw4776_high_rise_step_up_natural12_02.jpg,MW4776P
/mw4779_step_up_kitchen_helper__espresso_01.jpg,MW4779P
/cf4786_cf4787_stretch_loop2_01.jpg;/cf4786_cf4787_stretch_loop2_02.jpg;/cf4786_cf4787_stretch_loop2_02.jpg,CF4786P
,CF4790P
/mw4771_competition-cups1_01.jpg;/mw4771_competition-cups1_02.jpg;/mw4771_competition-cups1_02.jpg,MW4770P
/cf4824_no_spill_bubble_machine_1_01.jpg,CF4824P
/vs3829_combined_01.jpg,VS3829P
,WR3879P
,CF4875P
,RW4859P
,RW4860P
,RW4861P
/cf4879_uv_fiber_optic_sensory_lighting_kit_01.jpg,CF4877P
,EQ1643P
/dr4882_funbites_01.jpg;/dr4882_funbites_02.jpg;/dr4882_funbites_03.jpg;/dr4882_funbites_04.jpg;/dr4882_funbites_06.jpg;/dr4882_funbites_02.jpg;/dr4882_funbites_03.jpg;/dr4882_funbites_04.jpg;/dr4882_funbites_06.jpg,DR4882P
,CM4898P
,CM4900P
,CF4914P
/vs4920_single_squeezer_01.jpg;/vs4920_single_squeezer_02.jpg;/vs4920_single_squeezer_02.jpg,VS4920P
,GIFTCERT
,WR4284P
,TC1278
,CF4887
,DZ1112
,HW2026
,HW2290
,HW2296
,SP4995
,RW5044
,SP4988
,VG4419
,SP5026
,MW4976
,CF4998
/leggings_pink_green_01.jpg;/leggings_pink_green_02.jpg;/leggings_pink_green_02.jpg,BK3626P
,SP4975
,RW5046
,SP5047
,WR1803P
,WR1804
,WR3471
,WR3469
,SP5022
,VS4926
,CF4983P
,CF5693
,CF4983
,SP4977P
,SP4977
,SP4978
,SP4979
,SP4980
,RW5045
,VS4611
,SP5023
,SP5021
,CF4974
,HW4057
,CF5053
,CF5054
,CF5055
,CF5668
,CF4996
,CF4997
,CF4996P
,CF5055P
,LB3014P
,SP5017
,SP5018
,SP5017P
,PZ3818P
,CF5007
,CF5008
,CF5009
,CF5010
,CF5011
,CF5007P
,EQ1672P
,CF4872P
,CF4872
,CF4873
,CF4984
,CF4985
,CF4986
,CF4984P
,SP5781
,SP5028
,SP5029
,SP5781P
,MW5669
,VS4061
,VS4062
,CF5056
,VS4063
,VS4061P
,CF5057
,CF5058
,CF5059
,SP5670
,GM2203
,CF5014
,CF5015
,CF5016
,CF5014P
,CF4938
,CF5056P
,RW5043
,SP5048
,MW4999
,DR4083
,DR4084
,DR4394
,DR4395
,DR4700
,DR4701
,CF5671
,SP5676
,MW4886
,EL4692
,EQ3518
,EQ3519
,VS4245
,EQ3518P
,VS4157
,EQ3594
,MW5030
,VS4155
,MW5031
,MW5032
,MW5033
,MW5034
,MW5030P
,WR3463
,WR3465
,WR3463P
,CF5691P
,BA4398
,BA4399
,BA4398P
,WR1816P
,WR1835P
,EX3000P
,WR4943
,WR4079
,WR4074
,WR4080
,WR4943P
,CF4944
,BA1547
,TC4094
,TC4386
,TC4387
,TC4388
,TC4389
,TC4390
,TC4094P
,ST3028
,ST3030
,ST3028P
,CF4683P
,CF4676P
,WR4580P
,CF5677
,CF5672
,CF4939
,CF4940
,CF4938P
,DZ1474
,CF5001
,CF5002
,CF5003
,CF5004
,CF5005
,CF5006
,CF5001P
,MQ1444
,MQ1444P
,VS4941P
,HW1355
,HW1356
,HW1357
,HW1355P
,RS3739
,RS3740
,RS3741
,RS3742
,RS3743
,RS3739P
,HW2166
,HW2167
,HW2168
,HW2166P
,MN1159
,RW4853
,RW4853P
,VT2576
,MW4990
,EQ3502
,EQ3503
,EQ3502P
,RW5036
,HW1172
,MW5662
,MW5663
,MW5664
,MW5665
,MW5666
,MW5667
,MW5662P
,MW5668
,SP5062
,SP5063
,SP5064
,SP5065
,EQ3583
,CF5671P
,TC4300
,TC4301
,TC4302
,TC4300P
,CF5683
,BL5681
,BL5680
,PR4364
,PR4365
,PR4364P
,BA2266
,SP5682
,WR1804P
,DZ1468
,PR4169p
,PR4425
,CF5004P
,SP4950
,DR4954
,DR4957
,SP4959
,EQ5709
,EQ5710
,EQ5711
,EQ5712
,EQ5713
,EQ5714
,EQ5715
,EQ5716
,VS5720
,VS5721
,SP5708
,RW5700
,RW5701
,RW5702
,RW5703
,RW5704
,RW5705
,RW5700P
,RW5702P
,RW5706
,SP5722
,SP5723
,GO2106P
,SP5725
,SP5726
,SP5727
,SP5726P
,MW5656
,MW5729
,MW5730
,MW5731
,MW5732
,MW5733
,MW5734
,MW5729P
,MW5657
,MW5658
,MW5659
,MW5660
,MW5661
,MW5741
,MW5742
,MW5735
,MW5656P
,MW5736
,MW5737
,MW5658P
,MW5738
,MW5735P
,SP5743
,SP5744
,SP5743P
,CF5690
,CF4689
,SP5687
,SP5756
,SP5757
,SP5758
,SP5765
,SP5759
,SP5764
,SP5760
,SP5763
,SP5762
,SP5761
,MW4962
,MW4963
,MW4964
,MW4965
,MW4966
,MW4967
,MW4968
,MW4969
,MW4970
,MW4972
,MW4962P
,MW4970P
,WR3457P
,MW5685
,MW5684P
,CF5633
,CF5634 
,SP5041P
,SP5041
,SP5042
,WR5782P
,SP5783
,MW5784
,MW5785
,MW5786
,DR2440P
,CF5631
,CF5632
,MW5741P
,RW5788
,RW5789
,RW5790
,RW5791
,RW5792
,RW5798
,MW5750
,MW5751
,MW5752
,MW5753
,MW5754
,MW5749
,SC5788
,SC1358P
,MW5646
,MW5647
,MW5648
,MW5649
,MW5646P
,MW5650
,MW5651
,MW5652
,MW5653
,MW5654
,MW5655
,MW5695
,MW5696
,MW5697
,MW5698
,MW5699
,MW5750P
,GO5789
,GO1730P
,SP5790
,CF5645
,CF5787P
,CF5787
,CF5694
,GO5811P
,CM5799
,DZ5802
,CM5800
,DZ1787P
,MW5812
,MW5813
,MW5814
,MW5815
,MW5035
,GO1624P
,EQ3837P
,SP4949
,CM5799P
,MW5823
,RW5771P
,RW5771
,RW5772
,RW5773
,RW5774
,RW5775
,RW5776
,DR4960
,RW5788P
,RW5793
,RW5794
,RW5795
,RW5796
,RW5797
,CF4956
,MW4951
,MW4952
,MW4953
,CF4955
,CF5692
,SC1437
,RW4958
,MW4961
,CM4973
,PZ5724
,MW4989
,MW4952P
,MW5019
,RW5823
,MW5635
,MW5636P
,RW5061
,SP5066
,CF5012
,CF5013
,RW5777P
,RW5777
,RW5778
,RW5779
,RW5780
,SP5824
,MW5825
,GO4011P
,drop-fee
,MW5020
,MQ1084P
,MQ5826
,CF5816P
,CF5819
,CF5816
,RW5827
,RW5828
,RW5829
,RW5830
,KT5831
,KT5832
,MW5831P
,MW5831
,MW5832
,EQ1751
,SC2552P
,CF5766
,CF5767
,CF5845
,CF5846
,CF5847
,CF5833
,CF5848
,CF5849
,CF5850
,MW5837
,MW5839
,MW4928
,MW5840
,MW5838
,GB4358P
,GB4358
,GB4359
,MW5841
,CF5611
,MW5638
,MW5637
,MW5636
,MW5639
,MW5640
,MW5641
,MW5642
,CF5851
,CF5852
,MW5842
,GB2072P
,EQ2172P
,WR4577
,CF5865P
,SP5864
,CF5865
,CF5866
,CF5867
,CF5868
,CF5869
,CF5853
,CF5870P
,CF5870
,CF5871
,CF5872
,CF5836
,GB1695
,GB1696P
,WR1831P
,MW5834
,MS5843
,CF5854
,SR5877
,MP2012P
,CF5863
,CF5821
,GIFTCERT25
,CF5886
,GO3696P
,GO5888
,CF5768
,CF5835
,MN5879
,MN4116P
,CF5878
,MW5822
,MW5873
,GO5905
,CF5915
,CF5916
,CF5917
,DR2450
,CF5874
,CF5875
,GO1728P
,CF5884
,RW5880P
,RW5880
,RW5881
,RW5882
,RW5883
,DZ1925P
,WR3859P
,WR4622P
,DZ1445P
,SP5928
,SP5929
,MQ1014
,CF5933
,WR3068
,CF5934
,MW5935P
,WR5937P
,BL5769
,DR4083P
,MW56P
,MW5889
,MW5890
,MW5891
,MW5P
,MW5893
,MW5894
,MW5895
,MW5892
,MW5935
,MW5936
,EQ5944
,SR1001
,DR2390P
,CF5918P
,CF5918
,CF5920
,FF2001
,MW5945
,MW5946
,MW5947
,MW5948
,MW5949
,MW5950
,MW5889P
,MW5951
,MW5952
,MW5953
,MW5893P
,TC1854
,DR5902
,DR5903
,DR5904
,DR5902P
,DR5901
,DR5899
,MW5900
,GO5941
,CF5921
,CF5922
,CF5923
,CF5924
,WR5937
,WR5938
,WR5939
,KT2014
,RW5931
,CF5930
,KT2015
,KT2018
,MW5955P
,MW5954
,MW5955
,MW5906
,MW5907
,MW5908
,MW5909
,MW5910
,MW5911
,MW5912
,MW5913
,MW5914
,MW5906P
,GO2022
,GO2139P
,KT2016
,KT2017
,KT2019
,KT2020
,KT2021
,DR5956
,DR5959P
,DR5957
,DR5958
,DR5959
,DR5960
,DR5961
,DR5962
,DR5963
,DR5964
,DR5965
,DR5966
,DR5967
,DR5968
,DR5969
,DR5970
,DR5971
,DR5972
,DR5973
,BK3442
,CF5921P
,RW5975
,WR5977
,WR5978
,WR5977P
,CF5983
,CF5984
,SC4540
,SC4541P
,SC4541
,SC4542
,SC4543
,SC4544
,SC4543P
,SC4545
,CF5982
,SR5986
,KT6008
,MW5020P
,RW5987P
,HW4330P
,HW4362
,RW5988
,RW5989
,RW5987
,WR4265P
,WR5976
,WR6010
,CF5991
,CF5992
,CF5993
,CF5994
,CF5995
,CF5997
,CF5998
,CF5999
,CF6000
,CF6002
,CF6003
,CF6004
,CF5991P
,VS4247
,DR6005
,KT2022
,KT2023
,KT2020P
,KT2021P
,CF6023P
,DR5925P
,WR4258P
,WR4262P
,WR4285P
,CF5943
,WR3459P
,WR3451P
,CF6018
,WR6011P
,WR6011
,WR6012
,WR6013
,WR3153
,WR6033
,WR6034
,WR6016
,CF6015
,CF6013
,CF6012
,CF6023P-100 Balls
